THE BOOK OF GENESIS	genesis chapter,6.99;lord god,5.07;god hath,4.80;seven years,4.33;into egypt,4.31;years old,4.22;father’s house,4.11;brought forth,4.10;begot sons,4.06;went out,4.05;she called,4.00;god said,3.98;lived after,3.97;they had,3.93;five years,3.59;said let,3.43;these things,3.43;hundred years,3.42;she said,3.36;she bore,3.27	upon the earth,6.70;land of chanaan,5.74;years and begot,5.74;the lord god,4.98;land of egypt,4.69;sons and daughters,4.58;called his name,4.12;begot sons and,4.12;said to them,4.11;after he begot,4.00;and begot sons,4.00;lived after he,3.87;called the name,3.87;the lord said,3.58;and god said,3.42;into the ark,3.31;god said to,3.30;bore a son,3.16;five years and,3.16;the lord hath,3.15	begot sons and daughters,4.12;years and begot sons,4.00;lived after he begot,3.87;she called his name,3.00;she conceived and bore,2.65;thirty years and begot,2.45;lifting up his eyes,2.24;hundred and thirty years,2.24;whole land of egypt,2.24;five years and begot,2.24;built there an altar,2.00;sem cham and japheth,2.00;answered here i am,2.00;god hath given me,2.00;whom she bore to,2.00;god had commanded him,2.00;hundred years and begot,2.00;two years and begot,2.00;so done and god,2.00;go into the land,2.0
THE BOOK OF EXODUS	shalt make,6.59;exodus chapter,6.24;lord said,6.17;lord had,5.72;had commanded,5.54;setim wood,5.19;moses said,5.04;made also,4.72;let them,4.62;make also,4.61;round about,4.58;shalt put,4.55;purest gold,4.35;moses saying,4.27;lord spoke,4.27;twisted linen,4.24;they may,4.18;twice dyed,4.12;scarlet twice,4.12;fine twisted,4.12	children of israel,11.09;land of egypt,7.74;thou shalt make,6.71;the lord said,6.45;said to moses,6.40;lord said to,6.16;the lord had,5.90;moses and aaron,5.65;lord had commanded,5.10;of setim wood,4.80;shalt make also,4.69;and moses said,4.67;the purest gold,4.36;spoke to moses,4.36;thou shalt put,4.36;that they may,4.36;said to them,4.35;the lord spoke,4.35;purple and scarlet,4.24;he made also,4.24	lord said to moses,5.66;the lord had commanded,5.10;thou shalt make also,4.69;lord spoke to moses,4.24;and scarlet twice dyed,4.12;purple and scarlet twice,4.12;spoke to moses saying,3.87;scarlet twice dyed and,3.46;twice dyed and fine,3.46;and fine twisted linen,3.46;lord had commanded moses,3.32;dyed and fine twisted,2.83;people go to sacrifice,2.83;lord had commanded and,2.83;let the people go,2.83;let my people go,2.65;children of israel out,2.65;stretch forth thy hand,2.45;purple scarlet and fine,2.45;shalt make also a,2.4
THE BOOK OF LEVITICUS	lord spoke,5.75;peace offerings,5.19;moses saying,5.18;leviticus chapter,5.09;seven days,4.99;without blemish,4.34;seven times,3.87;round about,3.74;saying speak,3.73;blood thereof,3.54;little kidneys,3.46;shalt say,3.43;those things,3.31;had commanded,3.30;them upon,3.23;most sweet,3.16;seventh day,3.14;hath been,3.14;most holy,3.13;these things,3.13	children of israel,7.14;am the lord,6.99;before the lord,6.77;upon the altar,5.82;the lord spoke,5.82;spoke to moses,5.74;lord spoke to,5.74;to moses saying,5.20;lord your god,4.90;wash his clothes,4.24;of peace offerings,4.12;if any man,4.00;washed with water,3.74;saying speak to,3.74;shalt not uncover,3.61;say to them,3.60;sons of aaron,3.60;the blood thereof,3.60;tempered with oil,3.46;thou shalt say,3.46	lord spoke to moses,5.74;spoke to moses saying,5.20;shalt say to them,3.32;moses saying speak to,3.16;to moses saying speak,3.16;being washed with water,2.83;hand upon the head,2.83;the lord had commanded,2.83;them upon the altar,2.83;do no servile work,2.65;put his hand upon,2.65;shall burn them upon,2.65;upon the head thereof,2.65;no servile work therein,2.45;or two young pigeons,2.45;turtles or two young,2.45;dying let him die,2.45;two turtles or two,2.45;lower than the other,2.45;the two little kidneys,2.4
THE BOOK OF NUMBERS	year old,6.61;lord spoke,6.08;numbers chapter,5.91;years old,5.90;moses saying,5.14;buck goat,5.09;lord had,5.05;lord said,4.82;reckoned up,4.78;had commanded,4.77;flour tempered,4.69;without blemish,4.35;they came,4.35;twenty years,4.35;five hundred,4.31;they camped,4.30;peace offerings,4.12;old without,4.10;thousand five,4.08;over against,3.97	children of israel,11.99;a year old,6.63;spoke to moses,6.16;the lord spoke,6.16;lord spoke to,6.08;moses and aaron,5.65;years old and,5.29;the lord had,5.27;old and upward,5.10;to moses saying,5.10;the lord said,5.07;a buck goat,5.00;said to moses,5.00;tempered with oil,4.90;buck goat for,4.90;lord said to,4.89;before the lord,4.88;goat for sin,4.80;flour tempered with,4.69;lord had commanded,4.69	lord spoke to moses,6.08;spoke to moses saying,5.10;years old and upward,5.00;buck goat for sin,4.80;the lord had commanded,4.69;flour tempered with oil,4.58;from twenty years old,4.36;twenty years old and,4.36;lord said to moses,4.24;year old without blemish,4.12;a year old without,4.12;go forth to war,3.74;old without blemish and,3.74;hundred and thirty sicles,3.61;peace offerings two oxen,3.46;offerings two oxen five,3.46;oxen five rams five,3.46;two oxen five rams,3.46;a silver dish weighing,3.46;sacrifice a little mortar,3.4
THE BOOK OF DEUTERONOMY	deuteronomy chapter,5.74;god hath,4.59;strange gods,4.47;take away,3.98;neither shalt,3.86;hath commanded,3.69;shalt do,3.50;shalt go,3.50;lord hath,3.48;say amen,3.46;amen cursed,3.31;pass over,3.30;go up,3.26;shalt take,3.26;round about,3.16;long time,3.15;hath spoken,3.14;lord said,3.05;lest perhaps,3.00;they may,2.99	lord thy god,14.20;lord your god,6.40;lord our god,4.69;before the lord,4.67;children of israel,4.47;god will give,4.24;neither shalt thou,4.00;the lord hath,3.96;out of egypt,3.87;into the land,3.86;within thy gates,3.74;land of egypt,3.74;thy god hath,3.73;over the jordan,3.46;god shall choose,3.46;take away the,3.46;thou shalt take,3.46;say amen cursed,3.32;amen cursed be,3.32;shall say amen,3.32	lord thy god hath,3.74;say amen cursed be,3.32;people shall say amen,3.32;shall say amen cursed,3.16;take away the evil,3.00;abraham isaac and jacob,2.83;thou shalt take away,2.83;shalt take away the,2.83;two tables of stone,2.45;yet so if thou,2.45;away the evil out,2.45;god may bless thee,2.45;thy god may bless,2.45;lord thy god may,2.45;og king of basan,2.24;fathers abraham isaac and,2.24;enter into the church,2.24;pass over the jordan,2.24;land flowing with milk,2.00;thy fathers abraham isaac,2.0
THE BOOK OF JOSUE	josue chapter,4.76;had commanded,4.20;half tribe,4.10;over against,3.85;lord had,3.62;josue said,3.43;round about,3.31;passed over,3.15;present day,3.15;east side,3.15;four cities,3.15;had done,3.13;lord said,3.07;goeth down,2.99;goeth out,2.97;went up,2.96;came out,2.95;go up,2.95;king thereof,2.94;great sea,2.80	children of israel,8.18;one the king,5.47;lord your god,4.69;tribe of manasses,4.69;beyond the jordan,4.36;the half tribe,4.12;half tribe of,4.00;god of israel,3.86;the lord had,3.85;said to them,3.74;lord the god,3.72;lord had commanded,3.61;moses the servant,3.60;children of juda,3.60;said to josue,3.60;children of ruben,3.31;josue said to,3.31;lord said to,3.31;the lord said,3.29;this present day,3.16	half tribe of manasses,4.00;the lord had commanded,3.61;lord said to josue,3.16;their suburbs four cities,2.45;the most salt sea,2.24;far advanced in years,2.00;old and far advanced,2.00;lord had commanded moses,2.00;lot came out to,2.00;the jordan over against,2.00;children of israel slew,2.00;jordan over against jericho,1.73;suburbs four cities and,1.73;lord your god hath,1.73;lord had commanded him,1.73;said to josue fear,1.73;said to them go,1.73;children of israel gave,1.73;josue said to them,1.73;lord god of israel,1.7
THE BOOK OF JUDGES	they had,4.61;judges chapter,4.47;fight against,3.85;went down,3.69;hundred men,3.56;went out,3.49;they said,3.47;answered them,3.46;mount ephraim,3.45;them into,3.44;thousand men,3.41;lord said,3.41;went up,3.38;delivered them,3.36;judged israel,3.29;had done,3.27;went into,3.19;three hundred,3.15;they went,3.13;ten thousand,2.99	children of israel,6.48;children of ammon,4.79;children of benjamin,4.24;said to them,4.23;the lord said,3.72;lord said to,3.45;zebee and salmana,3.32;into the hands,3.31;against the children,3.31;they said to,3.30;and they said,3.27;to fight against,3.16;fight against the,3.00;he answered them,3.00;delivered them into,2.83;them and they,2.75;three hundred men,2.65;father in law,2.65;he judged israel,2.65;the lord delivered,2.64	fight against the children,2.65;the three hundred men,2.24;the lord hath delivered,2.24;delivered them into the,2.24;them into the hands,2.24;eglon king of moab,2.00;those days there was,2.00;in those days there,2.00;up out of egypt,2.00;lord said to gedeon,2.00;the lord came upon,2.00;children of israel went,2.00;they went into the,2.00;shalt conceive and bear,1.73;ten thousand fighting men,1.73;hundred pieces of silver,1.73;let fire come out,1.73;five and twenty thousand,1.73;fire come out from,1.73;three hundred men that,1.7
THE BOOK OF RUTH	booz said,2.35;she answered,2.14;she had,2.13;she said,1.99;six measures,1.73;young men,1.73;near kinsman,1.72;ruth chapter,1.72;she arose,1.70;she told,1.69;she went,1.63;noemi said,1.61;so she,1.61;latter kindness,1.41;false gods,1.41;find grace,1.41;cut off,1.41;two sons,1.41;put off,1.41;almighty hath,1.41	mother in law,3.46;booz said to,2.23;and booz said,2.23;ears of corn,2.00;ruth the moabitess,2.00;six measures of,1.73;measures of barley,1.73;glean the ears,1.73;land of moab,1.73;into the city,1.73;and she arose,1.73;said to them,1.73;and she told,1.73;lifted up their,1.41;up their voice,1.41;thy latter kindness,1.41;his two sons,1.41;they lifted up,1.41;began to weep,1.41;whatsoever thou shalt,1.41	six measures of barley,1.73;lifted up their voice,1.41;they lifted up their,1.41;raise up the name,1.41;and they lifted up,1.41;mother in law said,1.41;do so and so,1.41;the lord do so,1.41;lord do so and,1.41;she said to them,1.41;law and noemi said,1.41;either poor or rich,1.00;left alone having lost,1.00;alone having lost both,1.00;men either poor or,1.00;latter kindness has surpassed,1.00;threshingfloor wash thyself therefore,1.00;gather them without shame,1.00;thamar bore unto juda,1.00;phares whom thamar bore,1.0
THE FIRST BOOK OF SAMUEL, OTHERWISE CALLED THE FIRST BOOK OF KINGS	saul said,6.20;1 kings,5.56;kings chapter,5.47;david said,5.29;samuel said,5.08;lord hath,4.31;went up,4.17;they said,3.53;go up,3.37;went out,3.37;they had,3.35;gathered together,3.31;father’s house,3.31;lord liveth,3.25;they went,3.25;they came,3.21;fight against,3.14;over israel,3.08;jonathan said,3.04;evil spirit,2.99	and saul said,5.96;1 kings chapter,5.48;saul said to,5.27;and david said,5.25;and samuel said,5.17;the lord hath,4.56;david said to,4.45;samuel said to,4.35;said to david,4.33;ark of god,4.12;god of israel,4.12;before the lord,4.10;came to pass,3.87;and they said,3.83;children of israel,3.60;said to saul,3.57;the lord said,3.52;the lord liveth,3.31;said to samuel,3.30;let us go,3.16	the lord came upon,2.45;samuel said to saul,2.45;the lord hath delivered,2.24;lord said to samuel,2.24;saul said to david,2.24;had made an end,2.00;king’s son in law,2.00;do so and so,2.00;o lord god of,2.00;lord god of israel,2.00;jonathan said to david,2.00;lord and samuel said,2.00;cut off the hem,1.73;heli ophni and phinees,1.73;philistines were gathered together,1.73;sons of heli ophni,1.73;david his ten thousands,1.73;may god do so,1.73;said here am i,1.73;come let us go,1.7
THE SECOND BOOK OF SAMUEL, OTHERWISE CALLED THE SECOND BOOK OF KINGS	king said,5.58;david said,4.95;2 kings,4.79;kings chapter,4.79;o lord,3.79;king david,3.75;o king,3.49;lord hath,3.35;went out,3.23;they came,3.18;these things,3.15;david sent,3.14;lord god,2.94;told david,2.88;king over,2.86;over israel,2.85;joab said,2.84;they had,2.84;king’s sons,2.81;people israel,2.81	the king said,5.97;lord the king,5.26;and david said,5.06;king said to,4.88;2 kings chapter,4.80;david said to,4.67;children of ammon,4.00;son of saul,3.74;house of saul,3.60;ark of god,3.46;men of juda,3.46;men of israel,3.46;the lord hath,3.45;into the city,3.31;before the lord,3.15;and joab said,3.14;o lord god,3.00;came to pass,3.00;son of sarvia,3.00;over the jordan,3.00	my lord o king,2.45;came to pass after,2.24;passed over the jordan,2.00;king over israel and,2.00;holocausts and peace offerings,1.73;years and six months,1.73;men of jabes galaad,1.73;seven years and six,1.73;god save thee o,1.73;young man that told,1.73;save thee o king,1.73;war between the house,1.73;lord’s anointed and david,1.73;sent messengers to david,1.73;the three valiant men,1.73;after seba the son,1.73;so do god to,1.73;david consulted the lord,1.73;went into the house,1.73;david said to urias,1.7
THE THIRD BOOK OF KINGS	king solomon,5.75;3 kings,4.68;kings chapter,4.57;round about,4.24;high places,4.00;over israel,3.87;people israel,3.83;lord came,3.52;lord hath,3.43;went up,3.42;reigned over,3.29;solomon had,3.25;lord god,3.10;go up,3.10;they had,3.09;asa king,3.07;ramoth galaad,3.00;had done,2.97;son reigned,2.94;she said,2.91	king of israel,6.39;3 kings chapter,4.58;man of god,4.47;children of israel,4.47;god of israel,4.46;king of juda,3.99;lord the god,3.97;david my father,3.74;the lord came,3.72;the high places,3.61;saith the lord,3.60;before the lord,3.58;son of joiada,3.46;banaias the son,3.46;the lord hath,3.45;the lord said,3.41;david his father,3.32;and king solomon,3.28;lord the king,3.24;sadoc the priest,3.16	asa king of juda,3.16;made israel to sin,2.83;year of asa king,2.83;king of israel said,2.83;there was war between,2.24;achab king of israel,2.24;twentieth year of asa,2.00;servant david my father,2.00;wherewith he made israel,2.00;my lord o king,2.00;josaphat king of juda,2.00;bread nor drink water,1.73;eat bread nor drink,1.73;put no fire under,1.73;i alone am left,1.73;victims of peace offerings,1.73;master elias is here,1.73;tell thy master elias,1.73;trees and fir trees,1.73;most pure gold and,1.7
THE FOURTH BOOK OF KINGS	kings chapter,4.88;4 kings,4.88;high places,4.68;evil before,4.10;years old,3.99;went up,3.93;had made,3.90;had done,3.83;son reigned,3.78;went out,3.66;twenty years,3.60;eliseus said,3.59;over israel,3.39;made israel,3.32;lord hath,3.31;joas king,3.17;did evil,3.14;come down,3.13;hath sent,3.13;they went,3.07	king of juda,6.77;king of israel,6.76;man of god,6.00;king of syria,5.00;saith the lord,4.99;4 kings chapter,4.90;before the lord,4.88;they not written,4.69;kings of israel,4.68;king of babylon,4.58;the high places,4.47;began to reign,4.36;kings of juda,4.12;evil before the,4.00;said to them,3.99;his son reigned,3.87;son reigned in,3.87;years old when,3.74;house of achab,3.60;jerusalem the name,3.60	evil before the lord,4.00;made israel to sin,3.46;nabat who made israel,3.16;twenty years old when,2.83;and twenty years old,2.83;he did evil before,2.83;hazael king of syria,2.83;did evil before the,2.83;over israel in samaria,2.65;josaphat king of juda,2.65;before the lord according,2.65;stead 4 kings chapter,2.45;his stead 4 kings,2.45;amasias king of juda,2.45;ochozias king of juda,2.45;king of juda reigned,2.45;joas king of israel,2.45;that they may eat,2.24;nabuchodonosor king of babylon,2.24;year of azarias king,2.2
THE FIRST BOOK OF PARALIPOMENON	1 paralipomenon,5.28;paralipomenon chapter,5.28;brethren twelve,4.77;twenty thousand,4.45;most valiant,4.24;valiant men,3.98;o lord,3.83;david said,3.65;king david,3.33;half tribe,3.16;like manner,3.00;king over,2.91;they had,2.86;over israel,2.84;thousand talents,2.82;two hundred,2.81;they dwelt,2.77;round about,2.64;over against,2.60;they gave,2.59	1 paralipomenon chapter,5.29;his brethren twelve,4.80;brethren twelve the,4.69;and twenty thousand,4.24;four and twenty,3.87;children of ammon,3.46;tribe of manasses,3.46;god of israel,3.45;most valiant men,3.32;sons of merari,3.31;half tribe of,3.16;the half tribe,3.16;ark of god,3.16;sons of aaron,3.16;sons of levi,3.16;in like manner,3.00;company were four,3.00;david said to,3.00;sons of caath,2.99;and david said,2.99	four and twenty thousand,3.61;half tribe of manasses,3.16;sons of merari moholi,2.00;most valiant men and,2.00;king over all israel,2.00;from twenty years old,1.73;holocausts and peace offerings,1.73;begot azarias azarias begot,1.73;merari moholi and musi,1.73;adarezer king of soba,1.73;valiant men for war,1.73;lord 1 paralipomenon chapter,1.73;twenty years old and,1.73;in like manner also,1.73;the captains over thousands,1.73;over against their brethren,1.73;to make david king,1.73;son thahath his son,1.73;went over to david,1.73;the lord 1 paralipomenon,1.7
THE SECOND BOOK OF PARALIPOMENON	paralipomenon chapter,5.91;2 paralipomenon,5.91;years old,5.09;father had,3.78;twenty years,3.72;had made,3.71;they had,3.60;high places,3.60;go out,3.57;gathered together,3.46;had been,3.43;they buried,3.42;valiant men,3.31;high priest,3.31;hundred thousand,3.28;had done,3.28;son reigned,3.27;o lord,3.23;lord god,3.22;six hundred,3.15	lord the god,6.52;2 paralipomenon chapter,5.92;king of israel,5.55;children of israel,4.79;king of juda,4.78;god of israel,4.68;began to reign,4.36;years old when,4.24;house of god,4.11;juda and jerusalem,4.11;years in jerusalem,4.00;inhabitants of jerusalem,3.87;city of david,3.87;cities of juda,3.87;before the lord,3.85;his father had,3.60;they buried him,3.46;and they buried,3.46;his son reigned,3.32;son reigned in,3.32	stead 2 paralipomenon chapter,2.83;twenty years old when,2.83;his stead 2 paralipomenon,2.83;and twenty years old,2.83;fathers and they buried,2.65;joiada the high priest,2.45;his father had done,2.45;five and twenty years,2.45;josaphat king of juda,2.45;five cubits long and,2.24;lord god of israel,2.24;mercy endureth for ever,2.00;was five cubits long,2.00;went out to meet,2.00;and thirty years old,2.00;david his father had,2.00;israel said to josaphat,2.00;david king of israel,2.00;king of israel said,2.00;thirty years old when,1.7
THE FIRST BOOK OF ESDRAS	two hundred,3.40;hundred twenty,3.12;1 esdras,2.99;esdras chapter,2.99;three hundred,2.77;strange wives,2.64;six hundred,2.60;cyrus king,2.60;taken strange,2.44;hundred forty,2.42;seven hundred,2.41;rose up,2.23;singing men,2.22;first day,2.22;had taken,2.22;twenty three,2.21;four hundred,2.20;two thousand,2.20;hundred fifty,2.19;they should,2.19	house of god,3.59;beyond the river,3.46;temple of god,3.31;god of israel,3.30;1 esdras chapter,3.00;god of heaven,3.00;silver and gold,2.83;lord the god,2.81;cyrus king of,2.64;two the children,2.63;taken strange wives,2.45;said to them,2.45;god in jerusalem,2.45;three the children,2.43;son of josedec,2.23;first day of,2.23;lord our god,2.23;esdras the priest,2.23;the first day,2.23;twenty three the,2.23	reum beelteem and samsai,2.00;country beyond the river,2.00;a thousand two hundred,2.00;hundred twenty three the,2.00;twenty three the children,2.00;had taken strange wives,1.73;first year of cyrus,1.73;hundred fifty four the,1.73;fifty four the children,1.73;if it seem good,1.41;stayed there three days,1.41;matter 1 esdras chapter,1.41;have taken strange wives,1.41;we stayed there three,1.41;the walls thereof repaired,1.41;this matter 1 esdras,1.41;which nabuchodonosor had taken,1.41;unto a hundred bates,1.41;letter which they sent,1.41;elam a thousand two,1.4
THE BOOK OF NEHEMIAS, WHICH IS CALLED THE SECOND OF ESDRAS	singing men,3.72;over against,3.72;esdras chapter,3.46;2 esdras,3.46;hundred twenty,3.44;hundred forty,3.14;three hundred,2.98;set up,2.98;gavest them,2.95;two hundred,2.77;they should,2.76;villages thereof,2.64;six hundred,2.63;two thousand,2.62;another measure,2.45;doors thereof,2.44;o lord,2.44;we would,2.43;sabbath day,2.43;said let,2.41	2 esdras chapter,3.46;after him built,3.32;came to pass,3.32;the singing men,3.31;said to them,3.16;children of israel,3.16;house of god,2.99;thou gavest them,2.83;up the doors,2.83;singing men and,2.83;set up the,2.83;them and they,2.78;that they should,2.64;the villages thereof,2.64;over against his,2.45;that we would,2.45;villages thereof and,2.45;the doors thereof,2.45;next to them,2.45;the sabbath day,2.45	set up the doors,2.83;up the doors thereof,2.45;over against his house,2.00;next to them built,2.00;country beyond the river,1.73;thousand drams of gold,1.73;eliasib the high priest,1.73;one thousand two hundred,1.73;hundred twenty eight the,1.73;them that they should,1.73;terrible who keepest covenant,1.41;beseech thee o lord,1.41;if it seem good,1.41;those that could understand,1.41;gates thereof are burnt,1.41;keepest covenant and mercy,1.41;another measure over against,1.41;king if it seem,1.41;thirtieth year of artaxerxes,1.41;let us rise up,1.4
THE BOOK OF TOBIAS	tobias chapter,3.56;o lord,3.44;tobias said,3.40;then tobias,3.08;angel said,2.76;they had,2.54;seven husbands,2.45;angel raphael,2.43;these things,2.43;young man,2.22;good things,2.20;old age,2.00;these words,1.99;give glory,1.99;answering said,1.98;had been,1.98;had done,1.97;fear god,1.93;lord god,1.78;most high,1.73	and tobias said,3.30;tobias said to,2.99;the angel said,2.82;angel said to,2.64;anna his wife,2.45;the angel raphael,2.45;god of israel,2.45;rages a city,2.24;children of israel,2.24;came to pass,2.00;bury the dead,2.00;give glory to,2.00;ever and ever,2.00;said to them,1.99;lord god of,1.99;his wonderful works,1.73;at these words,1.73;the most high,1.73;light of heaven,1.73;now o lord,1.73	and now o lord,1.73;lord god of israel,1.73;ten talents of silver,1.41;would vouchsafe to accept,1.41;hundred and two years,1.41;what can we give,1.41;given to seven husbands,1.41;been given to seven,1.41;seven husbands that went,1.41;heaven give glory to,1.41;the most high god,1.41;after he had lived,1.41;bless thee o lord,1.41;thy name o god,1.41;had done so he,1.41;he had done so,1.41;name o god of,1.41;the angel answering said,1.41;then the angel raphael,1.41;thee o lord god,1.4
THE BOOK OF JUDITH	judith chapter,3.85;these things,3.58;o lord,2.79;judith said,2.56;they came,2.49;went out,2.41;after them,2.36;she had,2.34;young men,2.23;cut off,2.23;had heard,2.22;go out,2.21;they had,2.20;she took,2.19;she went,2.17;lord hath,2.13;holofernes said,2.13;they went,2.10;upon them,2.09;round about,2.00	children of israel,3.87;god of israel,2.99;came to pass,2.83;head of holofernes,2.64;people of israel,2.45;and judith said,2.44;god of heaven,2.23;lord our god,2.23;with one voice,2.00;o lord god,2.00;nabuchodonosor the king,2.00;when they had,2.00;that they might,2.00;judith said to,2.00;holofernes said to,2.00;that they may,2.00;they came to,1.99;after them and,1.99;the lord hath,1.99;upon them and,1.99	there come no aid,1.41;he would revenge himself,1.41;hundred and twenty thousand,1.41;would shew his mercy,1.41;strengthen me o lord,1.41;am fled from them,1.41;only might be called,1.41;these words pleased holofernes,1.41;cut off his head,1.41;he had passed through,1.41;men had heard her,1.41;let us go up,1.41;look upon the camp,1.41;might be called god,1.41;then achior seeing the,1.41;me o lord god,1.41;they had a mind,1.41;words pleased holofernes and,1.41;the men had heard,1.41;prostrate before the lord,1.4
THE BOOK OF ESTHER	king assuerus,4.06;esther chapter,3.85;o lord,3.15;king said,2.86;mardochai had,2.65;twelfth month,2.64;these things,2.63;month adar,2.44;had prepared,2.40;they should,2.37;she had,2.27;twenty seven,2.23;seven provinces,2.22;hanged upon,2.22;fourteenth day,2.22;they had,2.22;she answered,2.20;queen esther,2.16;had commanded,2.15;ten sons,2.00	the king said,2.99;if it please,2.65;the twelfth month,2.65;of king assuerus,2.64;whom the king,2.44;twenty seven provinces,2.24;india to ethiopia,2.24;son of amadathi,2.24;and twenty seven,2.24;hundred and twenty,2.24;city of susan,2.24;aman the son,2.23;king said to,2.23;king and aman,2.21;ten sons of,2.00;found favour in,2.00;twelfth month which,2.00;is called adar,2.00;the ten sons,2.00;the golden sceptre,2.00	hundred and twenty seven,2.24;and twenty seven provinces,2.24;ten sons of aman,2.00;edict was hung up,1.73;hung up in susan,1.73;second after the king,1.73;abounded into many waters,1.41;carried away from jerusalem,1.41;killed five hundred men,1.41;garden set with trees,1.41;fifty cubits high and,1.41;lot was cast into,1.41;besides the ten sons,1.41;could read and hear,1.41;a people scattered through,1.41;mardochai did not bend,1.41;answered if it please,1.41;jechonias king of juda,1.41;nabuchodonosor king of babylon,1.41;queen instead of vasthi,1.4
THE BOOK OF JOB	job chapter,6.36;taken away,3.86;these things,3.59;round about,3.46;job answered,3.12;god hath,2.98;then job,2.92;bring forth,2.64;come upon,2.59;they had,2.55;without cause,2.44;servant job,2.43;lord said,2.40;hath given,2.40;them they,2.39;hath made,2.33;upon them,2.31;wise men,2.23;brought forth,2.23;good things,2.22	answered and said,4.36;then job answered,2.83;job answered and,2.83;eliphaz the themanite,2.45;shadow of death,2.45;my servant job,2.45;lord said to,2.45;power of god,2.45;the lord said,2.45;baldad the suhite,2.24;all these things,2.24;shall fall upon,2.24;upon the earth,2.23;alone have escaped,2.00;escaped to tell,2.00;sophar the naamathite,2.00;a little while,2.00;forth thy hand,2.00;be taken away,2.00;heard the voice,2.00	job answered and said,2.83;then job answered and,2.45;lord said to satan,2.00;baldad the suhite answered,1.73;fearing god and avoiding,1.73;eliphaz the themanite answered,1.73;then baldad the suhite,1.73;god and avoiding evil,1.73;themanite answered and said,1.73;eating and drinking wine,1.41;also added taking up,1.41;deep as growing old,1.41;job also added taking,1.41;obstetric hand brought forth,1.41;begun to follow after,1.41;asserting his own innocence,1.41;gird up thy loins,1.41;to follow after misery,1.41;night when deep sleep,1.41;hast made void fear,1.4
THE BOOK OF PSALMS	o lord,15.15;psalms chapter,12.17;o god,9.28;let them,7.16;right hand,6.69;mercy endureth,5.90;lord hath,5.39;david himself,4.78;give praise,4.73;round about,4.69;most high,4.47;call upon,4.34;lifted up,4.23;give glory,4.20;day long,4.10;gradual canticle,4.00;hath made,3.96;hath been,3.92;upon them,3.71;hath done,3.68	unto the end,8.06;the lord hath,6.11;endureth for ever,6.00;his mercy endureth,5.92;mercy endureth for,5.92;psalm for david,5.92;thee o lord,5.91;me o lord,5.37;ever and ever,5.00;o lord my,4.98;thy right hand,4.69;thou o lord,4.57;end a psalm,4.47;o lord and,4.41;give praise to,4.36;them that fear,4.36;let them be,4.35;for david himself,4.24;the most high,4.12;give glory to,4.12	mercy endureth for ever,5.92;o lord my god,3.61;for ever psalms chapter,3.32;psalm for david himself,2.83;the lord psalms chapter,2.83;st jerome renders it,2.45;rise up against me,2.45;exhortation to praise god,2.45;thy name o lord,2.45;bless the lord o,2.45;’tis well ’tis well,2.24;that rise up against,2.24;thou shalt make them,2.24;them that go down,2.24;let them be confounded,2.24;thy right hand hath,2.24;made heaven and earth,2.24;praise thee o lord,2.24;god unto the end,2.24;the lord hath heard,2.2
THE BOOK OF PROVERBS	proverbs chapter,5.47;she hath,3.95;wise man,3.67;wicked man,3.48;own soul,3.11;poor man,2.87;better than,2.62;little ones,2.45;stirreth up,2.44;without cause,2.44;take away,2.44;fall into,2.44;come upon,2.43;good things,2.40;wise son,2.36;just man,2.30;put out,2.23;son if,2.19;evil men,2.18;foolish man,2.13	the wicked man,3.44;his own soul,3.16;a wise man,3.15;the poor man,2.82;is better than,2.65;shall fall into,2.45;shall come upon,2.45;a wise son,2.45;the wise man,2.21;be put out,2.00;tree of life,2.00;mercy and truth,2.00;my son if,2.00;mouth of fools,2.00;poor man that,2.00;a just man,1.99;incline thy ear,1.73;lie in wait,1.73;keep my commandments,1.73;then shalt thou,1.73	curse uttered without cause,1.41;lifted up on high,1.41;have met one another,1.41;ends thereof lead to,1.41;a curse uttered without,1.41;word in due time,1.41;hand under his armpit,1.41;then shalt thou understand,1.41;the ends thereof lead,1.41;hideth his hand under,1.41;uttered without cause shall,1.41;thereof lead to death,1.41;them about thy neck,1.41;hath two daughters that,1.41;are abominable before god,1.41;slothful hideth his hand,1.41;put them about thy,1.41;met one another the,1.41;slothful man saith there,1.41;she hath opened her,1.4
ECCLESIASTES	ecclesiastes chapter,3.31;wise man,3.08;god hath,3.06;done under,2.80;hath given,2.80;better than,2.60;good things,2.38;hath been,2.21;hath made,2.19;said ecclesiastes,1.98;seen under,1.98;fear god,1.97;also another,1.97;round about,1.73;can tell,1.73;upon earth,1.72;they had,1.70;these things,1.70;man cannot,1.69;poor man,1.69	under the sun,5.47;also is vanity,2.83;done under the,2.83;are done under,2.65;god hath given,2.45;which god hath,2.45;is better than,2.45;a wise man,2.45;vexation of spirit,2.24;have seen under,2.00;children of men,2.00;god hath made,2.00;vanity and vexation,2.00;seen under the,2.00;the wise man,1.99;who can tell,1.73;state of grace,1.73;sons of men,1.73;eat and drink,1.73;hath given him,1.73	done under the sun,2.83;seen under the sun,2.00;which god hath given,1.73;which god hath made,1.73;there is also another,1.73;power to eat thereof,1.41;as though they had,1.41;given riches and substance,1.41;if the tree fall,1.41;whom god hath given,1.41;of vanities said ecclesiastes,1.41;god hath given riches,1.41;vanity of vanities said,1.41;fear god and keep,1.41;there are just men,1.41;upon the earth if,1.41;man hath nothing more,1.41;god hath given him,1.41;life which god hath,1.41;enjoy good things and,1.4
SOLOMON’S CANTICLE OF CANTICLES	aromatical spices,2.64;canticles chapter,2.64;soul loveth,2.23;left hand,1.99;till she,1.98;good works,1.73;mother’s house,1.73;turned aside,1.73;apple tree,1.73;than wine,1.73;young hart,1.73;young maidens,1.73;true faith,1.73;gone down,1.73;right hand,1.73;among women,1.73;fruit thereof,1.73;garden enclosed,1.72;she please,1.72;up nor,1.72	canticle of canticles,2.65;of canticles chapter,2.65;daughters of jerusalem,2.65;my soul loveth,2.24;whom my soul,2.24;adjure you o,2.00;his left hand,2.00;of aromatical spices,2.00;into his garden,2.00;sister my spouse,2.00;among the lilies,2.00;o my love,2.00;spouse of christ,2.00;till she please,1.73;o ye daughters,1.73;not up nor,1.73;stir not up,1.73;turned aside and,1.73;soul loveth i,1.73;you o daughters,1.73	canticle of canticles chapter,2.65;whom my soul loveth,2.24;stir not up nor,1.73;adjure you o daughters,1.73;o daughters of jerusalem,1.73;none barren among them,1.41;right hand shall embrace,1.41;he had turned aside,1.41;army set in array,1.41;apple tree i raised,1.41;like two young roes,1.41;not up nor awake,1.41;most beautiful among women,1.41;till she please who,1.41;am black but beautiful,1.41;a fountain sealed up,1.41;twins which feed among,1.41;through the key hole,1.41;soul loveth i sought,1.41;had turned aside and,1.4
THE BOOK OF WISDOM	wisdom chapter,4.22;upon them,3.33;o lord,3.31;they might,3.03;came upon,2.81;those things,2.77;whole world,2.64;these things,2.56;good things,2.36;if they,2.27;they had,2.25;just man,2.18;whom they,2.13;had been,1.99;she knoweth,1.99;she brought,1.98;gavest them,1.96;they saw,1.96;they suffered,1.95;they knew,1.91	the whole world,2.65;came upon them,2.24;of those things,2.23;whole world and,2.00;knowledge of god,2.00;that they might,2.00;the just man,2.00;is better than,1.73;thee o lord,1.73;thou gavest them,1.73;come upon them,1.73;law of justice,1.73;whom they had,1.73;might know that,1.73;to destroy them,1.73;son of god,1.73;the fire had,1.73;those things that,1.73;upon the earth,1.73;they might be,1.73	they indeed desiring food,1.41;fire had more force,1.41;those things which had,1.41;came into the world,1.41;send upon them a,1.41;she delivered the just,1.41;upon them a multitude,1.41;she knew the just,1.41;that they might know,1.41;they might know that,1.41;came upon them and,1.41;the same things they,1.41;five cities sodom gomorrha,1.00;corruptible animals walking therein,1.00;incense making supplication withstood,1.00;beneficent gentle kind steadfast,1.00;gentle kind steadfast assured,1.00;hindereth beneficent gentle kind,1.00;cities sodom gomorrha etc,1.00;spirits intelligible pure subtile,1.0
ECCLESIASTICUS	ecclesiasticus chapter,7.06;most high,6.31;own soul,4.45;wise man,4.38;these things,4.21;so also,3.72;fall into,3.44;hath been,3.41;good things,3.36;shalt find,3.30;better than,3.15;rich man,3.12;great men,2.95;poor man,2.92;take heed,2.82;lifted up,2.82;hath given,2.80;upon them,2.79;shew forth,2.64;turn away,2.63	the most high,6.24;fear of god,4.24;his own soul,4.00;a wise man,4.00;there is one,3.60;fear the lord,3.60;thou shalt find,3.16;most high and,3.16;all these things,3.00;feareth the lord,2.83;they that fear,2.83;shall fall into,2.65;that they may,2.64;upon the earth,2.64;gold and silver,2.45;jesus the son,2.45;is better than,2.45;wise man will,2.45;own soul and,2.45;sight of god,2.45	sinneth against his own,1.73;take heed to thyself,1.73;that they may know,1.73;against his own soul,1.73;called upon the lord,1.73;the most high hath,1.73;six hundred thousand footmen,1.41;i am now going,1.41;wine drunken with excess,1.41;am now going to,1.41;first hath perfect knowledge,1.41;what things we ought,1.41;hadst not been born,1.41;simon the high priest,1.41;who first hath perfect,1.41;hideth his folly than,1.41;they had never been,1.41;made an everlasting covenant,1.41;curse there is reconciliation,1.41;thy reverence good grace,1.4
THE PROPHECY OF ISAIAS	isaias chapter,8.04;holy one,5.71;lord hath,5.64;lord god,4.61;o lord,4.46;these things,4.45;taken away,4.44;lift up,4.22;take away,4.09;bring forth,3.85;stretched out,3.59;rise up,3.59;hath spoken,3.57;brought forth,3.44;gathered together,3.16;they may,3.05;far off,2.99;give ear,2.99;pass through,2.99;right hand,2.99	saith the lord,9.15;lord of hosts,7.00;the lord hath,6.05;the holy one,5.38;one of israel,5.19;holy one of,5.10;the lord god,4.97;come to pass,4.58;am the lord,4.11;god of hosts,3.60;god of israel,3.60;be taken away,3.46;lord the god,3.42;house of jacob,3.32;take away the,3.16;lord thy god,3.16;lord hath spoken,3.00;that they may,3.00;the lord said,2.80;son of amos,2.65	holy one of israel,5.00;saith the lord god,3.16;the lord hath spoken,3.00;hand is stretched out,2.45;lord of hosts hath,2.45;is stretched out still,2.24;lord god of hosts,2.24;redeemer the holy one,2.00;lord hath spoken it,2.00;the lord isaias chapter,2.00;again expect expect again,1.73;spoken it isaias chapter,1.73;lift up thy voice,1.73;hath spoken it isaias,1.73;take away the spoils,1.73;o house of jacob,1.73;the lord hath given,1.73;saith the lord isaias,1.73;them saith the lord,1.73;command again expect expect,1.4
THE PROPHECY OF JEREMIAS	jeremias chapter,7.11;lord hath,5.56;o lord,4.96;shalt say,4.96;these words,4.77;round about,4.69;carried away,4.68;nabuchodonosor king,4.65;come upon,4.54;lord came,4.53;upon them,4.31;let them,4.02;strange gods,3.87;these things,3.85;bring them,3.81;go into,3.75;go forth,3.70;days come,3.56;into egypt,3.53;come saith,3.45	saith the lord,18.22;king of babylon,9.48;lord of hosts,8.59;king of juda,7.34;god of israel,7.07;hosts the god,6.08;the lord hath,6.04;land of egypt,5.65;jeremias the prophet,5.65;came to jeremias,5.57;thou shalt say,5.00;saying thus saith,4.90;cities of juda,4.79;into the hands,4.79;lord came to,4.79;the lord came,4.77;nabuchodonosor king of,4.69;lord our god,4.58;house of israel,4.47;into the hand,4.47	nabuchodonosor king of babylon,4.69;shalt say to them,4.00;come saith the lord,3.74;lord came to jeremias,3.61;days come saith the,3.46;the days come saith,3.46;son of josias king,3.32;josias king of juda,3.32;sedecias king of juda,3.16;out drink offerings to,2.65;name is called upon,2.65;sinned against the lord,2.65;saith the lord if,2.65;them saith the lord,2.64;king of babylon had,2.45;the lord hath spoken,2.45;the lord jeremias chapter,2.45;saith the lord they,2.45;pour out drink offerings,2.24;we have sinned against,2.2
THE LAMENTATIONS OF JEREMIAS	o lord,3.54;lord hath,3.24;hath made,2.29;round about,2.23;hath destroyed,2.14;she hath,2.11;lamentations chapter,2.00;young men,1.99;cast off,1.99;cast down,1.98;o daughter,1.95;hath broken,1.92;hath cast,1.89;hath turned,1.88;fierce anger,1.73;into captivity,1.73;run down,1.73;poured out,1.73;hath delivered,1.68;enemy hath,1.57	the lord hath,3.58;daughter of sion,2.83;he hath made,2.45;he hath destroyed,2.23;before the face,2.00;o daughter of,2.00;he hath turned,2.00;his fierce anger,1.73;thau thou shalt,1.73;behold o lord,1.73;among the gentiles,1.73;daleth he hath,1.73;ghimel he hath,1.73;he hath broken,1.73;bowels are troubled,1.41;bent his bow,1.41;food to relieve,1.41;cursed his sanctuary,1.41;nun let us,1.41;her desirable things,1.41	hath bent his bow,1.41;res behold o lord,1.41;hath cursed his sanctuary,1.41;daleth he hath bent,1.41;o daughter of edom,1.41;hath made me desolate,1.41;hath poured out his,1.41;o lord and consider,1.41;he hath poured out,1.41;the lord hath cast,1.41;new every morning great,1.00;fetters heavy ghimel yea,1.00;get ye hence touch,1.00;snow purer than milk,1.00;whiter than snow purer,1.00;depart get ye hence,1.00;flaming fire devouring round,1.00;been consecrated but execrable,1.00;cease coph arise give,1.00;coph arise give praise,1.0
THE PROPHECY OF BARUCH	o lord,3.41;hath brought,2.61;they cannot,2.55;baruch chapter,2.23;laid over,2.23;like manner,2.23;fear them,2.19;come upon,2.18;upon them,2.00;sinned before,1.99;o jerusalem,1.97;o israel,1.96;upon earth,1.96;can they,1.87;stronger than,1.73;good comfort,1.73;sinned against,1.73;holy one,1.73;false things,1.72;taken away,1.72	lord our god,4.36;king of babylon,2.83;laid over with,2.24;in like manner,2.24;over with gold,2.24;we have sinned,2.24;fear them not,2.24;o lord our,2.24;gods of wood,2.24;they are gods,2.23;and laid over,2.00;nabuchodonosor the king,2.00;are stronger than,1.73;sinned before thee,1.73;turned away from,1.73;have sinned before,1.73;of good comfort,1.73;way of knowledge,1.73;upon their heads,1.73;land of egypt,1.73	laid over with gold,2.24;o lord our god,2.00;may find favour in,1.41;away captives into babylon,1.41;good comfort my children,1.41;work of men’s hands,1.41;captives into babylon by,1.41;was seen upon earth,1.41;the holy one rejoicing,1.41;like manner also their,1.41;god belongeth justice but,1.41;in like manner also,1.41;set up a king,1.41;our god belongeth justice,1.41;we have sinned against,1.41;are stronger than them,1.41;eternal hath brought upon,1.41;wood and laid over,1.41;brought our fathers out,1.41;we have sinned before,1.4
THE PROPHECY OF EZECHIEL	lord god,14.50;round about,8.47;lord came,6.94;ezechiel chapter,6.85;saying son,6.53;lifted up,5.46;upon them,4.56;midst thereof,4.50;o son,4.44;east side,4.32;they went,4.18;inner court,3.99;five hundred,3.99;over against,3.96;outward court,3.87;twenty thousand,3.73;take away,3.72;live saith,3.67;shalt say,3.66;god ezechiel,3.65	the lord god,14.51;saith the lord,14.48;son of man,9.64;house of israel,8.94;am the lord,8.18;lord came to,7.07;the lord came,7.06;saying son of,6.56;me saying son,6.32;they shall know,5.65;lord god behold,5.19;lord god and,5.16;five and twenty,4.90;lord god because,4.69;among the nations,4.58;the midst thereof,4.58;o son of,4.47;round about and,4.47;say to them,4.47;land of israel,4.46	saith the lord god,14.18;saying son of man,6.56;o son of man,4.47;five and twenty thousand,3.74;live saith the lord,3.74;lord god ezechiel chapter,3.61;o house of israel,3.61;the lord god ezechiel,3.61;lifted up my hand,3.16;son of man set,3.16;man set thy face,3.00;son of man prophesy,3.00;the lord ezechiel chapter,3.00;am the lord ezechiel,3.00;thousand and five hundred,2.83;out my indignation upon,2.83;four thousand and five,2.83;stretch forth my hand,2.65;sea one portion for,2.65;set thy face against,2.6
THE PROPHECY OF DANIEL	ever o,5.60;lord praise,5.44;o king,5.37;wise men,4.23;sidrach misach,3.74;king nabuchodonosor,3.62;most high,3.60;interpretation thereof,3.59;daniel chapter,3.58;set up,3.57;o lord,3.47;cast into,3.14;these things,3.14;rise up,2.99;lions’ den,2.82;burning fire,2.82;king said,2.82;cried out,2.82;lifted up,2.81;golden statue,2.64	exalt him above,5.66;praise and exalt,5.66;for ever o,5.57;bless the lord,5.57;lord praise and,5.47;the lord praise,5.47;ever o ye,4.58;the wise men,4.00;misach and abdenago,3.74;sidrach misach and,3.74;the most high,3.60;the interpretation thereof,3.46;before the king,3.30;the king said,3.13;wise men of,3.00;shall rise up,2.83;the lions’ den,2.83;men of babylon,2.83;cast into the,2.83;answered and said,2.83	lord praise and exalt,5.48;bless the lord praise,5.29;sidrach misach and abdenago,3.74;wise men of babylon,2.83;furnace of burning fire,2.65;adore the golden statue,2.24;statue which king nabuchodonosor,2.24;lord bless the lord,2.24;grass like an ox,2.00;praised and exalted above,2.00;nabuchodonosor had set up,2.00;king live for ever,2.00;o king live for,2.00;king nabuchodonosor had set,2.00;which king nabuchodonosor had,2.00;cast into the den,2.00;the most high god,2.00;eat grass like an,1.73;ananias misael and azarias,1.73;lifted up my eyes,1.7
THE PROPHECY OF OSEE	osee chapter,3.60;o israel,2.38;committed fornication,2.23;take away,2.22;ephraim hath,2.16;upon them,2.05;without mercy,1.98;they went,1.93;israel hath,1.86;gathered together,1.73;if galaad,1.73;enter into,1.73;stirred up,1.73;she conceived,1.72;fall upon,1.71;hath made,1.70;them together,1.69;lord said,1.68;give them,1.67;they called,1.62	children of israel,2.45;land of egypt,2.24;house of israel,2.23;out of egypt,2.00;saith the lord,2.00;be gathered together,1.73;like an oven,1.73;supplanted with blood,1.73;among the nations,1.73;seed of god,1.73;and she conceived,1.73;they have transgressed,1.73;children of fornications,1.73;lord thy god,1.73;they have committed,1.73;house of juda,1.73;lord said to,1.73;they have made,1.73;seek the lord,1.73;am the lord,1.73	two iniquities their two,1.41;she hath stirred up,1.41;because she hath stirred,1.41;away like a bird,1.41;she conceived and bore,1.41;perish because she hath,1.41;hath stirred up her,1.41;stirred up her god,1.41;made the king glad,1.41;they have transgressed against,1.41;take up the bound,1.41;they have committed fornication,1.41;they that take up,1.41;israel out of egypt,1.41;neighbors figuratively going beyond,1.00;jerubaal see judges 6,1.00;theraphim images or representations,1.00;jerusalem or else supplanted,1.00;theraphim theraphim images or,1.00;called jerubaal see judges,1.0
THE PROPHECY OF JOEL	lord hath,2.05;gather together,1.99;cut off,1.99;hath left,1.97;beautiful places,1.73;fig tree,1.73;far off,1.73;hath eaten,1.71;palmerworm hath,1.71;strong people,1.71;hath done,1.70;come up,1.70;northern enemy,1.41;round about,1.41;holy mountain,1.41;joel chapter,1.41;fast call,1.41;lord’s ministers,1.41;revenge yourselves,1.41;those days,1.41	lord your god,2.45;the lord hath,2.22;among the nations,2.00;cut off from,1.73;beautiful places of,1.73;is cut off,1.73;sacrifice and libation,1.73;come to pass,1.73;the beautiful places,1.73;they shall run,1.73;children of juda,1.73;gather together the,1.73;the palmerworm hath,1.73;hath left the,1.73;revenge yourselves on,1.41;assembly gather together,1.41;withdrawn their shining,1.41;moon are darkened,1.41;my holy mountain,1.41;stars have withdrawn,1.41	recompense upon your own,1.41;libation is cut off,1.41;devoured the beautiful places,1.41;priests the lord’s ministers,1.41;assembly gather together the,1.41;fountain shall come forth,1.41;numerous and strong people,1.41;hath devoured the beautiful,1.41;they shall run like,1.41;fire hath devoured the,1.41;the palmerworm hath left,1.41;her bridal chamber between,1.00;heathens should rule over,1.00;or other enemies awake,1.00;by these insects others,1.00;chaldeans or other enemies,1.00;joel chapter 2 blow,1.00;these insects others understand,1.00;see visions moreover upon,1.00;brought forth its fruit,1.0
THE PROPHECY OF AMOS	lord god,3.84;amos chapter,2.82;three crimes,2.82;these things,2.64;into captivity,2.43;go into,2.41;cut off,2.00;though they,1.99;raise up,1.98;rise up,1.98;fire into,1.97;people israel,1.97;them out,1.93;lord said,1.86;israel saith,1.83;lord hath,1.82;young men,1.73;carried away,1.72;hath sworn,1.72;houses thereof,1.72	saith the lord,6.47;the lord god,3.72;god of hosts,3.00;lord the god,2.98;for three crimes,2.83;three crimes of,2.83;lord for three,2.83;house of israel,2.82;devour the houses,2.64;go into captivity,2.45;send a fire,2.45;children of israel,2.23;yet you returned,2.00;my people israel,2.00;a fire into,2.00;these things the,2.00;land of egypt,2.00;desolation of israel,2.00;things the lord,1.99;of israel saith,1.99	lord for three crimes,2.83;saith the lord god,2.45;send a fire into,2.00;these things the lord,2.00;israel saith the lord,2.00;devour the houses thereof,1.73;shall go into captivity,1.73;children of israel saith,1.73;day saith the lord,1.73;the lord god hath,1.73;had pity upon this,1.41;hook to draw down,1.41;his name amos chapter,1.41;lord had pity upon,1.41;god hath sworn by,1.41;raise up jacob for,1.41;poureth them out upon,1.41;sea and poureth them,1.41;shall raise up jacob,1.41;lord god hath sworn,1.4
THE PROPHECY OF ABDIAS	neither shalt,1.70;mount sion,1.40;would they,1.39;they had,1.36;carried away,1.00;cast lots,1.00;cut off,1.00;exceeding contemptible,1.00;foreigners entered,1.00;lay snares,1.00;man may,1.00;own head,1.00;pass unpunished,1.00;rejoice over,1.00;same time,1.00;snares under,1.00;speak arrogantly,1.00;stars thence,1.00;stolen till,1.00;strangers carried,1.00	mount of esau,2.00;neither shalt thou,1.73;saith the lord,1.73;magnify thy mouth,1.41;children of juda,1.41;shalt not magnify,1.41;would they not,1.41;shalt not look,1.41;house of jacob,1.41;house of esau,1.41;art exceeding contemptible,1.00;lay snares under,1.00;let us rise,1.00;pass unpunished —ibid,1.00;robbers by night,1.00;strangers carried away,1.00;cut off from,1.00;stars thence will,1.00;these things should,1.00;when strangers carried,1.00	when strangers carried away,1.00;if robbers by night,1.00;let us rise up,1.00;same time a declaration,1.00;cast lots upon jerusalem,1.00;my holy mountain so,1.00;strangers carried away his,1.00;afraid that man may,1.00;also wast as one,1.00;if thieves had gone,1.00;man may be cut,1.00;may be cut off,1.00;lay snares under thee,1.00;not pass unpunished —ibid,1.00;should not pass unpunished,1.00;drunk upon my holy,1.00;holy mountain so all,1.00;upon my holy mountain,1.00;away his army captive,1.00;carried away his army,1.0
THE PROPHECY OF JONAS	o lord,2.19;went down,1.99;great city,1.97;they said,1.92;days’ journey,1.73;dry land,1.73;three days’,1.73;god prepared,1.71;jonas chapter,1.71;lord said,1.52;holy temple,1.41;exceedingly troubled,1.41;saying arise,1.41;deep sleep,1.41;die than,1.41;one night,1.41;evil way,1.41;cast lots,1.41;great tempest,1.41;we may,1.41	into the sea,2.00;and they said,1.99;three days’ journey,1.73;the dry land,1.73;they said to,1.73;the lord said,1.72;thy holy temple,1.41;prepared an ivy,1.41;was exceedingly troubled,1.41;flee into tharsis,1.41;beseech thee o,1.41;god prepared an,1.41;a deep sleep,1.41;in one night,1.41;went down into,1.41;that we may,1.41;than to live,1.41;die than to,1.41;to die than,1.41;of three days’,1.41	god prepared an ivy,1.41;die than to live,1.41;of three days’ journey,1.41;saying arise and go,1.41;beseech thee o lord,1.41;lord god prepared an,1.41;to flee into tharsis,1.41;great city and preach,1.41;ninive the great city,1.41;the lord god prepared,1.41;lord came to jonas,1.41;vain observe vanities forsake,1.00;false prophet or rather,1.00;palmerist or palma christi,1.00;feed nor drink water,1.00;fifty miles round so,1.00;hands who can tell,1.00;nor sheep taste anything,1.00;oxen nor sheep taste,1.00;about fifty miles round,1.0
THE PROPHECY OF MICHEAS	micheas chapter,2.45;etc viz,1.97;become weak,1.73;high places,1.73;beautiful place,1.73;inhabitants thereof,1.73;gathered together,1.73;taken away,1.72;o daughter,1.72;cast out,1.72;take away,1.72;come even,1.70;sprinkle yourselves,1.41;seven shepherds,1.41;spiritual conquests,1.41;fortified cities,1.41;graven things,1.41;laid waste,1.41;first preachers,1.41;proper name,1.41	daughter of sion,2.00;saith the lord,2.00;is become weak,1.73;setim to galgal,1.73;high places of,1.73;the high places,1.73;will take away,1.73;the beautiful place,1.73;the inhabitants thereof,1.73;remnant of jacob,1.73;o daughter of,1.73;house of dust,1.73;they shall feed,1.73;house of israel,1.73;become weak unto,1.41;sprinkle yourselves with,1.41;idolatrous city viz,1.41;were gathered together,1.41;yourselves with dust,1.41;it hath touched,1.41	sprinkle yourselves with dust,1.41;is become weak unto,1.41;she is become weak,1.41;take away thy horses,1.41;she went not forth,1.41;they were gathered together,1.41;neither shall they learn,1.41;hath touched the gate,1.41;come into our land,1.41;o daughter of sion,1.41;day saith the lord,1.41;earthly habitation sprinkle yourselves,1.00;jewish nation whose doctrine,1.00;donaries or presents offered,1.00;whose doctrine like dew,1.00;generality are still corrupt,1.00;grow up without waiting,1.00;rebuke strong nations afar,1.00;learn war anymore neither,1.00;nation whose doctrine like,1.0
THE PROPHECY OF NAHUM	cut off,1.99;nahum chapter,1.41;o king,1.41;populous alexandria,1.41;utter end,1.41;come forth,1.41;forth one,1.41;hath rendered,1.41;led away,1.41;mighty men,1.41;young lions,1.41;place thereof,1.41;though they,1.40;come against,1.39;like fire,1.39;afterwards rebuilt,1.00;bars draw,1.00;basan languisheth,1.00;been prior,1.00;bonds asunder,1.00	pride of jacob,1.73;saith the lord,1.73;an utter end,1.41;make an utter,1.41;come forth one,1.41;give a commandment,1.41;be cut off,1.41;they were perfect,1.41;though they were,1.41;his mighty men,1.41;shall come forth,1.41;against thee saith,1.41;o king of,1.41;i come against,1.41;come against thee,1.41;they shall fall,1.41;cut off and,1.41;rendered the pride,1.41;lord of hosts,1.41;hath rendered the,1.41	make an utter end,1.41;though they were perfect,1.41;shall come forth one,1.41;come against thee saith,1.41;hath rendered the pride,1.41;called alexandria others suppose,1.00;dwell therein who can,1.00;escape or else rendering,1.00;preacheth peace o juda,1.00;afterwards rebuilt by alexander,1.00;chapter 2 god sends,1.00;however strong or numerous,1.00;assyrian nahum chapter 2,1.00;helpers yet she also,1.00;mourning as doves murmuring,1.00;peace o juda keep,1.00;return back take ye,1.00;same as diospolis ethiopia,1.00;we may better understand,1.00;therein who can stand,1.0
THE PROPHECY OF HABACUC	o lord,2.22;etc viz,1.98;lifted up,1.72;dwell therein,1.41;pleasure followed,1.41;singing psalms,1.41;thick clay,1.41;wine deceiveth,1.41;cut off,1.41;mount pharan,1.41;habacuc chapter,1.41;moon stood,1.41;stood still,1.41;ancient mountains,1.41;gather together,1.41;together unto,1.41;holy one,1.41;thereof hath,1.41;cry out,1.41;these things,1.41	etc viz the,1.73;moon stood still,1.41;pleasure followed by,1.41;as wine deceiveth,1.41;from mount pharan,1.41;madest a way,1.41;together unto him,1.41;that dwell therein,1.41;not these things,1.41;may go up,1.41;i may go,1.41;enemies of god’s,1.41;the moon stood,1.41;before his face,1.41;the ancient mountains,1.41;death shall go,1.41;god will come,1.41;go before his,1.41;iniquity of libanus,1.41;shall go before,1.41	the moon stood still,1.41;go before his face,1.41;i may go up,1.41;death shall go before,1.41;enemies of god’s people,1.41;may go up to,1.41;apoc 20 11 ibid,1.00;clay ill gotten goods,1.00;nabuchodonosor recorded dan 4,1.00;dumb stone arise can,1.00;idols should nevertheless prevail,1.00;short passing pleasure followed,1.00;swifter than evening wolves,1.00;thick clay ill gotten,1.00;voice let rottenness enter,1.00;desert see deut 33,1.00;light apoc 20 11,1.00;musical instrument or tune,1.00;clay thick clay ill,1.00;let rottenness enter into,1.0
THE PROPHECY OF SOPHONIAS	lie down,1.73;fierce anger,1.41;lord’s indignation,1.41;sea coast,1.41;sophonias chapter,1.41;cut off,1.41;beautiful city,1.41;do iniquity,1.41;o daughter,1.41;take away,1.41;cast out,1.41;stretch out,1.41;o nation,1.41;midst thereof,1.41;gather together,1.40;she hath,1.40;land saith,1.40;hand upon,1.39;visit upon,1.39;come upon,1.38	saith the lord,2.45;come to pass,1.41;not do iniquity,1.41;lie down in,1.41;shall lie down,1.41;will stretch out,1.41;children of ammon,1.41;she hath not,1.41;come upon you,1.41;the lord’s indignation,1.41;the sea coast,1.41;will gather together,1.41;o daughter of,1.41;so that there,1.41;they shall feed,1.41;the beautiful city,1.41;off the face,1.41;will visit upon,1.41;people of chanaan,1.41;lord is near,1.41	land saith the lord,1.41;fires or burn incense,1.00;2 1 assemble yourselves,1.00;assyrians 2 1 assemble,1.00;called howl ye inhabitants,1.00;senseless men without faith,1.00;1 assemble yourselves together,1.00;so called howl ye,1.00;brought back your captivity,1.00;chapter 2 an exhortation,1.00;walk like blind men,1.00;clothed with strange apparel,1.00;roaring lions her judges,1.00;iniquity nor speak lies,1.00;judges are evening wolves,1.00;wolves they left nothing,1.00;hand sophonias chapter 3,1.00;was destroyed soon after,1.00;city so called howl,1.00;remaining nor any inhabitant,1.0
THE PROPHECY OF AGGEUS	high priest,2.23;lord came,2.16;twentieth day,1.98;second year,1.73;take courage,1.73;o zorobabel,1.72;prophet saying,1.71;priests answered,1.41;ninth month,1.41;sixth month,1.41;salathiel governor,1.40;saying speak,1.40;they became,1.40;hosts set,1.39;13 22,1.00;19 13,1.00;away why,1.00;blasting wind,1.00;bring timber,1.00;bringeth forth,1.00	saith the lord,4.46;lord of hosts,3.87;josedec the high,2.23;the high priest,2.23;son of josedec,2.23;son of salathiel,2.23;jesus the son,2.23;aggeus the prophet,2.23;zorobabel the son,2.23;the lord came,2.23;governor of juda,2.00;four and twentieth,2.00;high priest and,2.00;twentieth day of,2.00;and twentieth day,2.00;set your hearts,1.73;year of darius,1.73;second year of,1.73;answered and said,1.73;darius the king,1.73	josedec the high priest,2.24;four and twentieth day,2.00;second year of darius,1.73;aggeus the prophet saying,1.73;hosts set your hearts,1.41;priests answered and said,1.41;saying speak to zorobabel,1.41;salathiel governor of juda,1.41;son of salathiel governor,1.41;lord of hosts set,1.41;num 19 13 22,1.00;hath earned wages put,1.00;law num 19 13,1.00;earned wages put them,1.00;press out fifty vessels,1.00;whose souls remained unclean,1.00;wages put them into,1.00;stayed from giving dew,1.00;people whose souls remained,1.00;skirt bread or pottage,1.0
THE PROPHECY OF ZACHARIAS	zacharias chapter,3.60;lifted up,2.99;high priest,2.64;against jerusalem,2.41;lord came,2.33;round about,2.23;two olive,2.23;women apart,2.23;went forth,2.23;go forth,2.21;olive trees,2.00;cut off,2.00;fifth month,1.99;hath sent,1.99;take away,1.99;seven eyes,1.99;go up,1.97;bring them,1.96;day there,1.94;seventy years,1.73	lord of hosts,7.27;saith the lord,6.62;angel that spoke,3.16;come to pass,3.16;saying thus saith,2.83;answered and said,2.83;the high priest,2.45;house of juda,2.45;lord came to,2.45;the lord came,2.44;their women apart,2.24;lifted up my,2.24;up my eyes,2.24;year of king,2.24;house of david,2.24;church of christ,2.23;inhabitants of jerusalem,2.23;them and they,2.22;two olive trees,2.00;feast of tabernacles,2.00	lifted up my eyes,2.24;lord came to zacharias,2.00;among the myrtle trees,1.73;stood among the myrtle,1.73;year of king darius,1.73;jesus the high priest,1.73;women apart the families,1.73;lord of hosts sent,1.73;lord of hosts hath,1.73;lord of hosts came,1.73;day saith the lord,1.73;wine springing forth virgins,1.41;put a clean mitre,1.41;be inhabited without walls,1.41;clean mitre upon his,1.41;thirty pieces of silver,1.41;a clean mitre upon,1.41;thy sons o sion,1.41;mitre upon his head,1.41;shall give equal grace,1.4
THE PROPHECY OF MALACHIAS	said wherein,2.22;malachias chapter,1.73;loved jacob,1.72;hath been,1.71;clean oblation,1.41;build up,1.41;great among,1.41;angel viz,1.40;juda hath,1.40;serveth god,1.40;levi saith,1.39;away saith,1.34;accepted persons,1.00;always ungrateful,1.00;ancient years,1.00;ashes under,1.00;bringing over,1.00;cut off,1.00;easily putting,1.00;executed severe,1.00	saith the lord,5.09;lord of hosts,4.79;have said wherein,2.00;among the gentiles,1.73;wherein have we,1.73;a clean oblation,1.41;cover his garment,1.41;iniquity shall cover,1.41;is great among,1.41;name is great,1.41;have loved jacob,1.41;cast the shoulder,1.41;spirit and despise,1.41;turn the heart,1.41;man that hath,1.41;that serveth god,1.41;say the table,1.41;said wherein have,1.41;great among the,1.41;if you offer,1.41	name is great among,1.41;great among the gentiles,1.41;said wherein have we,1.41;levi saith the lord,1.41;away saith the lord,1.41;speedy witness against sorcerers,1.00;annotations upon rom 9,1.00;shalt hate her put,1.00;been always ungrateful whilst,1.00;hast despised yet she,1.00;root nor branch but,1.00;too easily putting away,1.00;blessings without any merit,1.00;created us why then,1.00;executed severe judgments upon,1.00;leave them root nor,1.00;them root nor branch,1.00;without just cause notwithstanding,1.00;work wickedness are built,1.00;nor branch but unto,1.0
THE FIRST BOOK OF MACHABEES	round about,5.38;high priest,5.09;thousand men,4.96;they had,4.89;against them,4.57;king antiochus,4.53;fight against,4.32;great army,4.23;went out,4.16;gathered together,4.11;they went,4.06;these words,3.98;1 machabees,3.87;machabees chapter,3.87;holy places,3.86;these things,3.85;there fell,3.84;king demetrius,3.80;entered into,3.59;fled into,3.56	them and they,4.76;land of juda,4.36;thousand men and,4.35;the high priest,4.12;1 machabees chapter,3.87;into the land,3.87;a great army,3.74;and there fell,3.74;the holy places,3.60;high priest and,3.60;and they went,3.55;that they had,3.45;year one hundred,3.32;took the spoils,3.31;the year one,3.31;one hundred and,3.31;that they should,3.31;and they came,3.27;there fell of,3.16;to fight against,3.16	the year one hundred,3.32;year one hundred and,3.32;simon the high priest,3.00;one hundred and seventy,2.45;it hath seemed good,2.00;into his own country,2.00;three thousand men and,2.00;and they joined battle,2.00;they joined battle and,2.00;there fell of them,2.00;to fight against them,2.00;thousand men and they,2.00;lifted up their eyes,1.73;hath seemed good to,1.73;five and twentieth day,1.73;made a great slaughter,1.73;gathered together a great,1.73;into mount sion and,1.73;they sounded the trumpets,1.73;according to these words,1.7
THE SECOND BOOK OF MACHABEES	they had,6.11;had been,5.77;answering said,5.63;these things,5.61;matthew chapter,5.29;high priest,4.58;jesus said,4.52;chief priests,4.24;gathered together,4.24;these words,4.11;jesus saith,3.96;cast out,3.82;2 machabees,3.74;machabees chapter,3.74;thousand men,3.70;there came,3.64;right hand,3.60;they should,3.53;went out,3.52;saying lord,3.50	said to them,6.92;kingdom of heaven,6.08;son of man,5.57;amen i say,5.48;answering said to,4.47;jesus said to,4.47;saith to them,4.36;the high priest,4.24;the chief priests,4.12;jesus saith to,4.00;chief priests and,3.87;2 machabees chapter,3.74;scribes and pharisees,3.61;all these things,3.32;when they had,3.31;that they should,3.31;one of them,3.30;might be fulfilled,3.16;in like manner,3.16;he answering said,3.16	answering said to them,3.16;jesus said to them,3.16;scribes and pharisees hypocrites,2.65;year one hundred and,2.65;the year one hundred,2.65;jesus answering said to,2.65;jesus saith to them,2.65;chief priests and ancients,2.45;enter into the kingdom,2.45;and jesus answering said,2.45;pass when jesus had,2.24;grain of mustard seed,2.00;stretching forth his hand,2.00;did we see thee,2.00;of these little ones,2.00;put away his wife,2.00;when did we see,2.00;one hundred and forty,2.00;peter answering said to,2.00;them amen i say,2.0
THE HOLY GOSPEL OF JESUS CHRIST ACCORDING TO ST. MARK	mark chapter,3.87;answering said,3.82;these things,3.58;chief priests,3.46;jesus answering,3.42;they came,3.36;great multitude,3.30;enter into,3.13;they had,3.03;going out,2.95;went out,2.94;high priest,2.83;had seen,2.81;they should,2.78;they might,2.71;up into,2.68;unclean spirit,2.64;blind man,2.63;answering saith,2.60;charged them,2.60	saith to them,5.99;said to them,5.65;kingdom of god,3.87;son of man,3.74;amen i say,3.61;the chief priests,3.46;answering said to,3.31;a great multitude,3.16;and jesus answering,3.16;and they came,2.98;them and they,2.89;the high priest,2.83;jesus answering said,2.83;they came to,2.82;james and john,2.65;answering saith to,2.64;that they should,2.64;in those days,2.45;if any man,2.45;chief priests and,2.45	answering saith to them,2.45;and jesus answering said,2.45;answering said to them,2.45;jesus answering said to,2.24;saith to them why,2.24;them that they should,2.24;enter into the kingdom,2.00;mary magdalen and mary,1.73;into a desert place,1.73;ears to hear let,1.73;hear let him hear,1.73;go into thy house,1.73;man should know it,1.73;up into a ship,1.73;going up into a,1.73;said one to another,1.73;set before them and,1.73;jesus answering saith to,1.73;charged them that they,1.73;and jesus answering saith,1.7
THE HOLY GOSPEL OF JESUS CHRIST ACCORDING TO ST. LUKE	these things,9.89;jesus answered,6.39;jesus said,5.63;jesus saith,5.33;answering said,5.21;they said,5.12;amen amen,4.99;luke chapter,4.79;holy ghost,4.69;they had,4.67;chief priests,4.58;john chapter,4.57;we know,4.42;simon peter,4.35;had been,4.33;went out,4.16;had said,4.13;entered into,4.10;had seen,3.96;they might,3.89	said to them,9.98;came to pass,6.48;son of man,6.08;kingdom of god,5.83;amen i say,5.66;jesus said to,5.63;jesus saith to,5.38;answered and said,5.37;amen amen i,5.00;the holy ghost,4.69;saith to them,4.57;the chief priests,4.36;answering said to,4.24;and jesus said,4.19;if any man,4.00;son of god,4.00;and they said,3.91;chief priests and,3.87;come to pass,3.87;he had said,3.86	amen amen i say,5.00;jesus answered and said,3.74;jesus said to them,3.61;and jesus answering said,2.83;had said these things,2.65;said to them why,2.65;jesus saith to them,2.65;amen i say unto,2.45;said these things he,2.45;then jesus said to,2.45;take up thy bed,2.24;thy faith hath made,2.24;faith hath made thee,2.24;came down from heaven,2.24;them amen amen i,2.24;jesus answering said to,2.24;answering said to them,2.24;said to them amen,2.24;they answered and said,2.24;lifting up his eyes,2.0
THE ACTS OF THE APOSTLES	holy ghost,6.91;these things,6.43;they had,5.73;acts chapter,5.19;lord jesus,4.51;jesus christ,4.10;they should,3.63;unto them,3.52;god hath,3.47;high priest,3.46;entered into,3.45;men brethren,3.40;had heard,3.36;there came,3.35;next day,3.31;rising up,3.30;had seen,3.28;paul said,3.20;those things,3.13;certain man,3.12	the holy ghost,6.85;when they had,4.90;the lord jesus,4.12;said to them,3.98;came to pass,3.74;the high priest,3.46;they were come,3.46;word of god,3.46;the next day,3.32;holy ghost and,3.31;that they should,3.31;a certain man,3.16;of these things,3.16;the day following,3.00;name of jesus,3.00;entered into the,3.00;with one accord,2.83;lord jesus christ,2.83;the chief priests,2.83;he had seen,2.83	a certain man named,2.24;heard these things they,2.24;had said these things,2.24;the lord jesus christ,2.24;he had said these,2.24;whom god hath raised,2.00;name of jesus christ,2.00;received the holy ghost,2.00;these things they were,2.00;saul saul why persecutest,1.73;saul why persecutest thou,1.73;joppe and call hither,1.73;lifted up their voice,1.73;day following we came,1.73;our lord jesus christ,1.73;entering into the synagogue,1.73;they had passed through,1.73;having heard these things,1.73;god hath raised from,1.73;right hand of god,1.7
THE EPISTLE OF ST. PAUL THE APOSTLE TO THE ROMANS	jesus christ,4.94;romans chapter,3.87;god hath,3.52;christ jesus,3.52;lord jesus,3.42;god forbid,3.11;one another,2.79;we say,2.76;holy ghost,2.64;say then,2.62;we know,2.40;unto justice,2.36;works done,2.23;those things,2.22;they should,2.18;through faith,2.18;before god,2.12;so also,2.10;if we,2.02;olive tree,2.00	in christ jesus,3.16;lord jesus christ,3.00;justice of god,2.82;the holy ghost,2.65;our lord jesus,2.65;shall we say,2.45;grace of god,2.43;god forbid but,2.24;we know that,2.23;sons of god,2.23;faith and grace,2.23;the lord jesus,2.23;without the law,2.23;of jesus christ,2.23;one towards another,2.00;we say then,2.00;christ our lord,2.00;among the gentiles,2.00;for we know,2.00;that they should,2.00	our lord jesus christ,2.65;shall we say then,2.00;our lord romans chapter,1.73;that raised up jesus,1.73;through our lord jesus,1.73;god delivered them up,1.73;christ jesus our lord,1.73;jesus christ our lord,1.73;whilst her husband liveth,1.41;an adulteress if she,1.41;cast away his people,1.41;shalt be cut off,1.41;blessed for ever amen,1.41;unless they be sent,1.41;mind one towards another,1.41;adulteress if she be,1.41;or whether we die,1.41;made subject to vanity,1.41;husband be dead she,1.41;otherwise thou also shalt,1.4
THE FIRST EPISTLE OF ST. PAUL TO THE CORINTHIANS	lord jesus,3.96;jesus christ,3.95;1 corinthians,3.87;corinthians chapter,3.87;if they,3.29;these things,3.28;christ jesus,2.93;god hath,2.66;one another,2.57;man’s work,2.45;one body,2.29;might gain,2.23;puffed up,2.23;dead rise,2.23;now concerning,2.23;come together,2.22;one bread,2.20;if she,2.17;so also,2.16;if we,2.15	1 corinthians chapter,3.87;lord jesus christ,3.61;if any man,3.46;our lord jesus,3.32;in christ jesus,2.64;i might gain,2.24;things are lawful,2.24;the dead rise,2.24;blood of christ,2.24;church of god,2.23;spirit of god,2.23;every man’s work,2.00;sacrificed to idols,2.00;speak with tongues,2.00;dead rise not,2.00;rise not again,2.00;you come together,2.00;let every man,2.00;let no man,2.00;body and blood,2.00	our lord jesus christ,3.16;dead rise not again,2.00;if the dead rise,2.00;wood hay and stubble,1.73;put all things under,1.73;victory o death where,1.41;this foundation gold silver,1.41;whether thou shalt save,1.41;try every man’s work,1.41;question for conscience’ sake,1.41;upon this foundation gold,1.41;eucharistic sacrifice and sacrament,1.41;purge out the old,1.41;together into one place,1.41;made partakers with devils,1.41;out the old leaven,1.41;of speaking strange tongues,1.41;must be also heresies,1.41;lord 1 corinthians chapter,1.41;son also himself shall,1.4
THE SECOND EPISTLE OF ST. PAUL TO THE CORINTHIANS	corinthians chapter,3.46;2 corinthians,3.45;jesus christ,3.11;made sorrowful,2.43;hath given,2.43;lord jesus,2.42;we also,2.28;whether we,2.15;made void,1.99;may abound,1.98;before god,1.91;we know,1.85;own selves,1.73;false apostles,1.73;lest perhaps,1.73;into macedonia,1.73;abundantly towards,1.73;above measure,1.73;made manifest,1.72;if we,1.70	2 corinthians chapter,3.46;lord jesus christ,2.45;our lord jesus,2.24;if a man,2.24;whether we be,2.23;power of god,2.23;were made sorrowful,2.00;grace of god,2.00;according to god,2.00;more abundantly towards,1.73;abundantly towards you,1.73;is made void,1.73;body i know,1.73;or whether we,1.73;not god knoweth,1.73;am i they,1.73;so am i,1.73;god who hath,1.73;gospel of christ,1.73;as if we,1.73	our lord jesus christ,2.24;so am i they,1.73;third time i am,1.41;lest any man should,1.41;were made sorrowful according,1.41;power is made perfect,1.41;them that sinned before,1.41;know no man according,1.41;may be made manifest,1.41;know not god knoweth,1.41;god who hath given,1.41;made sorrowful according to,1.41;we know no man,1.41;jesus may be made,1.41;life also of jesus,1.41;the lord hath given,1.41;sorrowful according to god,1.41;lord jesus christ and,1.41;god who also hath,1.41;also of jesus may,1.4
THE EPISTLE OF ST. PAUL TO THE GALATIANS	jesus christ,2.93;christ jesus,2.76;galatians chapter,2.23;lord jesus,1.98;one another,1.97;free woman,1.73;under sin,1.72;god forbid,1.72;they had,1.71;jesus neither,1.70;law then,1.65;jews’ religion,1.41;lest perhaps,1.41;observe days,1.41;born according,1.41;written cursed,1.41;christian liberty,1.41;circumcision availeth,1.41;hath concluded,1.41;st peter,1.41	in christ jesus,2.45;under the law,2.23;our lord jesus,1.73;there is neither,1.73;lord jesus christ,1.73;christ jesus neither,1.73;among the gentiles,1.73;christ jesus that,1.73;of jesus christ,1.73;the law then,1.73;their christian liberty,1.41;availeth any thing,1.41;circumcision availeth any,1.41;neither circumcision availeth,1.41;thing nor uncircumcision,1.41;hath concluded all,1.41;ordained by angels,1.41;any thing nor,1.41;was born according,1.41;lest perhaps i,1.41	our lord jesus christ,1.73;in christ jesus neither,1.73;availeth any thing nor,1.41;circumcision availeth any thing,1.41;neither circumcision availeth any,1.41;any thing nor uncircumcision,1.41;concluded all under sin,1.41;jesus neither circumcision availeth,1.41;hath concluded all under,1.41;thing nor uncircumcision but,1.41;christ jesus neither circumcision,1.41;god forbid for if,1.41;jesus that we may,1.41;christ jesus that we,1.41;faith of jesus christ,1.41;benignity goodness longanimity mildness,1.00;contentions emulations wraths quarrels,1.00;dissensions sects envies murders,1.00;emulations wraths quarrels dissensions,1.00;enmities contentions emulations wraths,1.0
THE EPISTLE OF ST. PAUL TO THE EPHESIANS	jesus christ,3.22;lord jesus,2.78;christ jesus,2.71;heavenly places,2.44;ephesians chapter,2.23;make known,1.73;new man,1.73;holy spirit,1.71;may know,1.71;whom we,1.70;hath made,1.70;afar off,1.41;time past,1.41;delivered himself,1.41;made manifest,1.41;high places,1.41;take unto,1.41;might make,1.41;places through,1.40;made known,1.40	lord jesus christ,2.64;in christ jesus,2.64;our lord jesus,2.24;may be able,2.00;in heavenly places,1.73;unto the praise,1.73;in whom we,1.73;the holy spirit,1.73;grace of god,1.73;the lord jesus,1.73;were afar off,1.41;heavenly places through,1.41;principalities and powers,1.41;we are members,1.41;should be holy,1.41;apostles and prophets,1.41;in time past,1.41;he might make,1.41;we all meet,1.41;whom we have,1.41	our lord jesus christ,2.24;may know the things,1.41;the lord jesus christ,1.41;tychicus my dearest brother,1.00;every part maketh increase,1.00;former ages was discovered,1.00;permits these wicked spirits,1.00;putting away lying speak,1.00;sun go down upon,1.00;wherefore putting away lying,1.00;foolish talking or scurrility,1.00;obscenity or foolish talking,1.00;unclean or covetous person,1.00;long lived upon earth,1.00;can never fall from,1.00;doctors gave some apostles—until,1.00;doing tychicus my dearest,1.00;understanding darkened being alienated,1.00;just honour thy father,1.00;them forbearing threatenings knowing,1.0
THE EPISTLE OF ST. PAUL TO THE PHILIPPIANS	christ jesus,3.21;jesus christ,2.88;lord jesus,2.18;dearly beloved,1.73;philippians chapter,1.73;these words,1.73;if there,1.72;one mind,1.72;whatsoever things,1.66;stand fast,1.41;emptied himself,1.41;good fame,1.41;virtue if,1.41;whatsoever just,1.41;whatsoever lovely,1.41;whatsoever modest,1.41;work out,1.41;rest brethren,1.40;whatsoever holy,1.40;being made,1.40	in christ jesus,2.82;lord jesus christ,2.00;of jesus christ,1.99;my dearly beloved,1.73;if there be,1.73;things are true,1.73;whatsoever things are,1.73;day of christ,1.73;the lord jesus,1.73;think on these,1.41;any virtue if,1.41;virtue if any,1.41;stand fast in,1.41;salvation with fear,1.41;if any praise,1.41;rest brethren whatsoever,1.41;by these words,1.41;fear and trembling,1.41;praise of discipline,1.41;on these things,1.41	whatsoever things are true,1.73;virtue if any praise,1.41;think on these things,1.41;rest brethren whatsoever things,1.41;whatsoever of good fame,1.41;brethren whatsoever things are,1.41;the rest brethren whatsoever,1.41;our lord jesus christ,1.41;glory in christ jesus,1.41;the lord jesus christ,1.41;apostle enumerates general precepts,1.00;perverse generation among whom,1.00;humbled himself becoming obedient,1.00;acknowledges their charitable contributions,1.00;am straitened between two,1.00;an acceptable sacrifice pleasing,1.00;better than themselves each,1.00;macedonia no church communicated,1.00;others better than themselves,1.00;sweetness an acceptable sacrifice,1.0
THE EPISTLE OF ST. PAUL TO THE COLOSSIANS	jesus christ,2.76;christ jesus,2.38;st paul,2.23;make known,1.73;colossians chapter,1.73;one another,1.72;lord jesus,1.69;giving thanks,1.41;fellow servant,1.41;jewish teachers,1.41;most beloved,1.41;pretending humility,1.41;am made,1.41;faithful minister,1.41;lest they,1.41;paul wrote,1.41;old man,1.41;come unto,1.41;wherein also,1.41;may know,1.40	lord jesus christ,1.73;thanks to god,1.73;christ jesus who,1.73;in christ jesus,1.73;of christ jesus,1.73;st paul wrote,1.41;am made a,1.41;made a minister,1.41;let no man,1.41;giving thanks to,1.41;make known to,1.41;whatsoever you do,1.41;the jewish teachers,1.41;come unto you,1.41;upon the earth,1.41;things that concern,1.41;the old man,1.41;body the church,1.41;whom also you,1.41;sufferings of christ,1.41	am made a minister,1.41;giving thanks to god,1.41;the lord jesus christ,1.41;epist ad algas understands,1.00;jerome epist ad algas,1.00;anger indignation malice blasphemy,1.00;away anger indignation malice,1.00;fornication uncleanness lust evil,1.00;given different opinions concerning,1.00;indignation malice blasphemy filthy,1.00;uncleanness lust evil concupiscence,1.00;malice blasphemy filthy speech,1.00;earth fornication uncleanness lust,1.00;neither gentile nor jew,1.00;open shew triumphing over,1.00;self willed self invented,1.00;speaks ver 8 paid,1.00;willed self invented superstitious,1.00;heretics imposing such restraints,1.00;imposing such restraints under,1.0
THE FIRST EPISTLE OF ST. PAUL TO THE THESSALONIANS	lord jesus,3.26;jesus christ,2.79;one another,2.23;1 thessalonians,1.99;thessalonians chapter,1.99;give thanks,1.73;fill up,1.73;without ceasing,1.73;come upon,1.72;upon them,1.71;yourselves know,1.71;we should,1.58;holy ghost,1.41;without blame,1.41;would walk,1.41;hath called,1.41;these things,1.40;even so,1.40;we beseech,1.36;we had,1.36	lord jesus christ,2.83;our lord jesus,2.64;1 thessalonians chapter,2.00;the lord jesus,1.99;come upon them,1.73;to fill up,1.73;towards all men,1.73;for yourselves know,1.73;gospel of god,1.73;forbearing no longer,1.41;fill up their,1.41;up their sins,1.41;see your face,1.41;who hath called,1.41;give thanks to,1.41;is come upon,1.41;the holy ghost,1.41;you would walk,1.41;hath called you,1.41;one another and,1.41	our lord jesus christ,2.65;fill up their sins,1.41;is come upon them,1.41;give thanks to god,1.41;god is come upon,1.41;come upon them to,1.41;we beseech you brethren,1.41;god’s justice would punish,1.00;after which god’s justice,1.00;remain at athens alone,1.00;were become most dear,1.00;heaven whom he raised,1.00;holy kiss i charge,1.00;security then shall sudden,1.00;shall rise first then,1.00;then shall sudden destruction,1.00;sins after which god’s,1.00;nurse should cherish her,1.00;chapter 4 he exhorts,1.00;i paul indeed once,1.0
THE SECOND EPISTLE OF ST. PAUL TO THE THESSALONIANS	lord jesus,3.55;jesus christ,3.13;lying wonders,1.41;thessalonians chapter,1.41;give thanks,1.41;2 thessalonians,1.41;may run,1.40;we charge,1.39;against idleness,1.00;ancient fathers,1.00;article o,1.00;confidence concerning,1.00;curiously meddling,1.00;easily moved,1.00;east remember,1.00;falling off,1.00;false miracles,1.00;fire giving,1.00;free course,1.00;frequent repetition,1.00	lord jesus christ,3.16;our lord jesus,2.64;the lord jesus,2.44;man of sin,2.00;2 thessalonians chapter,1.41;to give thanks,1.41;if any man,1.41;son of perdition,1.41;lying wonders and,1.41;god shall send,1.41;sin be revealed,1.41;may be glorified,1.41;god our father,1.41;lord jesus shall,1.41;jesus christ that,1.41;each other aboundeth,1.00;fire giving vengeance,1.00;greek article o,1.00;lifted up above,1.00;towards each other,1.00	our lord jesus christ,2.45;the lord jesus christ,2.00;lord jesus christ that,1.41;towards each other aboundeth,1.00;each other aboundeth so,1.00;greek article o ‘the’,1.00;iniquity already worketh only,1.00;received than their epistles,1.00;testimony was believed upon,1.00;warns them against idleness,1.00;holdeth do hold until,1.00;lifted up above all,1.00;perish because they receive,1.00;falling off is generally,1.00;is lifted up above,1.00;therefore brethren stand fast,1.00;‘the’ adversary or opposer,1.00;given us everlasting consolation,1.00;2 thessalonians chapter 3,1.00;toil we worked night,1.0
THE FIRST EPISTLE OF ST. PAUL TO TIMOTHY	christ jesus,3.28;these things,2.81;if she,2.43;1 timothy,2.23;timothy chapter,2.23;jesus christ,2.19;like manner,2.00;living god,1.98;fall into,1.73;own house,1.72;faithful saying,1.72;hath been,1.72;one wife,1.72;good works,1.72;they may,1.70;let them,1.69;before god,1.68;men’s sins,1.41;turned aside,1.41;lay hold,1.41	1 timothy chapter,2.24;if she have,2.24;in like manner,2.00;the living god,2.00;a faithful saying,1.73;christ jesus our,1.73;of one wife,1.73;that they may,1.73;if a man,1.73;lay hold on,1.41;st paul himself,1.41;like manner chaste,1.41;abstain from meats,1.41;received with thanksgiving,1.41;who gave himself,1.41;are widows indeed,1.41;his own house,1.41;he fall into,1.41;charge thee before,1.41;manner chaste not,1.41	like manner chaste not,1.41;in like manner chaste,1.41;charge thee before god,1.41;christ jesus our lord,1.41;our lord jesus christ,1.41;faithful saying and worthy,1.41;arise envies contentions blasphemies,1.00;blasphemies evil suspicions conflicts,1.00;contentions blasphemies evil suspicions,1.00;envies contentions blasphemies evil,1.00;less than threescore years,1.00;married more than once,1.00;saved through child bearing,1.00;chapter 3 what sort,1.00;inhabiteth light inaccessible whom,1.00;can never uphold error,1.00;decent apparel adorning themselves,1.00;corruptions superstition or idolatry,1.00;first formed then eve,1.00;pearls or costly attire,1.0
THE SECOND EPISTLE OF ST. PAUL TO TIMOTHY	christ jesus,2.96;if we,2.22;jesus christ,2.19;timothy chapter,1.73;2 timothy,1.72;make haste,1.41;am certain,1.41;good work,1.41;unto honour,1.41;hath delivered,1.39;these things,1.39;god may,1.36;lord jesus,1.31;beget strifes,1.00;blasphemers disobedient,1.00;books especially,1.00;came upon,1.00;covetous haughty,1.00;crowned except,1.00;dearly beloved,1.00	in christ jesus,2.64;2 timothy chapter,1.73;every good work,1.41;make haste to,1.41;i am certain,1.41;am certain that,1.41;jannes and mambres,1.41;haste to come,1.41;him if we,1.41;resist the truth,1.41;jesus christ who,1.41;lord jesus christ,1.41;the lord jesus,1.41;covetous haughty proud,1.00;haughty proud blasphemers,1.00;kindness traitors stubborn,1.00;parents ungrateful wicked,1.00;pleasures more than,1.00;present thyself approved,1.00;proud blasphemers disobedient,1.00	make haste to come,1.41;the lord jesus christ,1.41;covetous haughty proud blasphemers,1.00;haughty proud blasphemers disobedient,1.00;kindness traitors stubborn puffed,1.00;captive silly women laden,1.00;lead captive silly women,1.00;mambres resisted moses so,1.00;peace slanderers incontinent unmerciful,1.00;teachers having itching ears,1.00;themselves covetous haughty proud,1.00;traitors stubborn puffed up,1.00;crescens into galatia titus,1.00;galatia titus into dalmatia,1.00;grow much towards ungodliness,1.00;old testament alone nor,1.00;season reprove entreat rebuke,1.00;testament alone nor yet,1.00;thessalonica crescens into galatia,1.00;incontinent unmerciful without kindness,1.0
THE EPISTLE OF ST. PAUL TO TITUS	good works,1.98;jesus christ,1.72;these things,1.71;they may,1.68;like manner,1.41;without crime,1.41;titus chapter,1.41;life everlasting,1.41;own judgment,1.40;good work,1.40;works these,1.40;sound doctrine,1.39;abundantly through,1.00;affirm constantly,1.00;always liars,1.00;beasts slothful,1.00;beloved son,1.00;christian’s rule,1.00;continent embracing,1.00;contrary part,1.00	god our saviour,2.00;that they may,1.73;every good work,1.41;his own judgment,1.41;be without crime,1.41;in like manner,1.41;good works these,1.41;works these things,1.41;of life everlasting,1.41;excel in good,1.41;hope of life,1.41;in good works,1.41;of good works,1.41;grace of god,1.41;beasts slothful bellies,1.00;doing so give,1.00;heretics more unhappy,1.00;more unhappy run,1.00;my beloved son,1.00;poured forth upon,1.00	hope of life everlasting,1.41;good works these things,1.41;excel in good works,1.41;heretics more unhappy run,1.00;artemas or tychicus make,1.00;many disobedient vain talkers,1.00;more unhappy run out,1.00;or tychicus make haste,1.00;second admonition avoid knowing,1.00;some time unwise incredulous,1.00;subvert whole houses teaching,1.00;time unwise incredulous erring,1.00;unwise incredulous erring slaves,1.00;winter send forward zenas,1.00;always liars evil beasts,1.00;beasts slothful bellies this,1.00;church heretics more unhappy,1.00;deny him being abominable,1.00;doing so give judgment,1.00;evil beasts slothful bellies,1.0
THE EPISTLE OF ST. PAUL TO PHILEMON	christ jesus,1.94;lord jesus,1.67;jesus christ,1.66;always making,1.00;aristarchus demas,1.00;dearest sister,1.00;debt put,1.00;give thanks,1.00;given unto,1.00;great joy,1.00;had great,1.00;heretofore unprofitable,1.00;made evident,1.00;mark aristarchus,1.00;most dear,1.00;old man,1.00;sent back,1.00;spirit amen,1.00;there salute,1.00;withal prepare,1.00	in christ jesus,1.73;lord jesus christ,1.41;the lord jesus,1.41;jesus christ i,1.41;an old man,1.00;had great joy,1.00;mark aristarchus demas,1.00;bands onesimus who,1.00;been heretofore unprofitable,1.00;been refreshed by,1.00;every good work,1.00;god always making,1.00;onesimus who hath,1.00;rather beseech whereas,1.00;your spirit amen,1.00;given unto you,1.00;paul an old,1.00;unto you there,1.00;you there salute,1.00;be given unto,1.00	given unto you there,1.00;paul an old man,1.00;unto you there salute,1.00;bands onesimus who hath,1.00;hath been heretofore unprofitable,1.00;most dear brother especially,1.00;onesimus who hath been,1.00;who hath been heretofore,1.00;appia our dearest sister,1.00;jesus mark aristarchus demas,1.00;may be made evident,1.00;have had great joy,1.00;mightest receive him again,1.00;always making a remembrance,1.00;good deed might not,1.00;if he hath wronged,1.00;own self also yea,1.00;say but withal prepare,1.00;rather beseech whereas thou,1.00;there salute thee epaphras,1.0
THE EPISTLE OF ST. PAUL TO THE HEBREWS	high priest,4.56;hebrews chapter,3.46;enter into,2.99;holy ghost,2.64;new testament,2.64;jesus christ,2.62;if they,2.56;right hand,2.23;if we,2.14;hold fast,2.00;had been,1.99;offer himself,1.98;one sacrifice,1.98;living god,1.97;those things,1.97;god hath,1.83;voice harden,1.73;came out,1.73;like manner,1.73;so great,1.72	the holy ghost,2.65;a high priest,2.65;order of melchisedech,2.45;priest for ever,2.45;the new testament,2.45;into the holies,2.45;son of god,2.45;let us go,2.00;shall enter into,2.00;right hand of,2.00;the right hand,2.00;to enter into,2.00;saith the lord,2.00;the living god,2.00;word of god,2.00;his voice harden,1.73;voice harden not,1.73;hear his voice,1.73;in like manner,1.73;enter into my,1.73	hear his voice harden,1.73;enter into my rest,1.73;they shall enter into,1.73;if they shall enter,1.73;priest for ever according,1.73;camp bearing his reproach,1.41;after those days saith,1.41;let us hold fast,1.41;a little lower than,1.41;let us go forth,1.41;they would have ceased,1.41;if we sin wilfully,1.41;my wrath if they,1.41;little lower than the,1.41;others indeed were made,1.41;without the camp bearing,1.41;wrath if they shall,1.41;lower than the angels,1.41;if they had been,1.41;high priest jesus christ,1.4
THE CATHOLIC EPISTLE OF ST. JAMES THE APOSTLE	james chapter,2.00;without works,1.98;whole body,1.73;dearest brethren,1.72;faith without,1.70;poor man,1.69;god hath,1.67;divers temptations,1.41;double minded,1.41;fine apparel,1.41;jesus christ,1.41;commit adultery,1.41;draw nigh,1.41;into divers,1.41;lord jesus,1.41;hath promised,1.41;one point,1.41;hath been,1.40;so also,1.39;man think,1.39	respect of persons,2.00;my dearest brethren,1.73;faith without works,1.73;works is dead,1.73;into divers temptations,1.41;lord jesus christ,1.41;our lord jesus,1.41;not commit adultery,1.41;draw nigh to,1.41;fine apparel and,1.41;god hath promised,1.41;let him bring,1.41;there shall come,1.41;able to save,1.41;justified by works,1.41;promised to them,1.41;them that love,1.41;let him ask,1.41;hath promised to,1.41;your sins one,1.41	our lord jesus christ,1.41;which god hath promised,1.41;hath promised to them,1.41;without works is dead,1.41;god hath promised to,1.41;sins one to another,1.41;faith without works is,1.41;fulfilled saying abraham believed,1.00;keep one’s self unspotted,1.00;chaste then peaceable modest,1.00;same mouth proceedeth blessing,1.00;see deut 1 17,1.00;then peaceable modest easy,1.00;flower thereof fell off,1.00;fraud has been kept,1.00;has been kept back,1.00;precept incurs eternal punishment,1.00;salt water yield sweet,1.00;earth patiently bearing till,1.00;incurs eternal punishment yet,1.0
THE FIRST EPISTLE OF ST. PETER THE APOSTLE	jesus christ,2.96;1 peter,2.00;doing well,2.00;peter chapter,2.00;hath called,1.72;they speak,1.72;they may,1.69;dearly beloved,1.41;obtained mercy,1.41;like form,1.41;mutual charity,1.41;should follow,1.41;conscience towards,1.41;whereunto baptism,1.41;putting away,1.41;ever amen,1.41;like manner,1.41;living stone,1.41;time past,1.41;whereas they,1.41	of jesus christ,2.45;1 peter chapter,2.00;whereas they speak,1.41;conscience towards god,1.41;empire for ever,1.41;in like manner,1.41;who hath called,1.41;and ever amen,1.41;that whereas they,1.41;the like form,1.41;doing well you,1.41;glory and empire,1.41;a good conscience,1.41;resurrection of jesus,1.41;the putting away,1.41;ever and ever,1.41;because christ also,1.41;hath called you,1.41;them that believe,1.41;god if any,1.41	that whereas they speak,1.41;ever and ever amen,1.41;resurrection of jesus christ,1.41;doth my son mark,1.00;lion goeth about seeking,1.00;my son mark salute,1.00;pontus galatia cappadocia asia,1.00;roaring lion goeth about,1.00;sara obeyed abraham calling,1.00;endure sorrows suffering wrongfully,1.00;dispersed through pontus galatia,1.00;so doth my son,1.00;through pontus galatia cappadocia,1.00;brotherhood merciful modest humble,1.00;every one’s work converse,1.00;some new thing happened,1.00;strangers dispersed through pontus,1.00;up spiritual sacrifices acceptable,1.00;goeth about seeking whom,1.00;son mark salute one,1.0
THE SECOND EPISTLE OF ST. PETER THE APOSTLE	these things,2.97;jesus christ,2.81;saviour jesus,1.99;lord jesus,1.69;thousand years,1.41;peter chapter,1.41;dearly beloved,1.41;private interpretation,1.41;2 peter,1.41;holy ghost,1.41;reserved unto,1.41;railing judgment,1.40;one day,1.40;they do,1.39;act wickedly,1.00;again entangled,1.00;artificial fables,1.00;ashes condemned,1.00;audacious self,1.00;beast used,1.00	saviour jesus christ,2.00;and saviour jesus,2.00;lord and saviour,2.00;lord jesus christ,1.73;our lord jesus,1.73;of these things,1.73;2 peter chapter,1.41;a thousand years,1.41;scripture is made,1.41;by private interpretation,1.41;love of brotherhood,1.41;bring in sects,1.41;made by private,1.41;a railing judgment,1.41;prophecy of scripture,1.41;the holy ghost,1.41;jesus christ for,1.41;these things be,1.41;through the knowledge,1.41;jesus christ to,1.41	and saviour jesus christ,2.00;our lord jesus christ,1.73;lord and saviour jesus,1.73;made by private interpretation,1.41;despise government audacious self,1.00;government audacious self willed,1.00;irrational beasts naturally tending,1.00;see st jude ver,1.00;st jude ver 9,1.00;true proverb has happened,1.00;gomorrhites into ashes condemned,1.00;little while escape such,1.00;most dear brother paul,1.00;neither empty nor unfruitful,1.00;well pleased hear ye,1.00;angels see st jude,1.00;dear brother paul according,1.00;firm prophetical word whereunto,1.00;am well pleased hear,1.00;before take heed lest,1.0
THE FIRST EPISTLE OF ST. JOHN THE APOSTLE	we know,3.96;if we,2.84;little children,2.82;one another,2.81;unto death,2.62;love one,2.59;jesus christ,2.43;write unto,2.43;dearly beloved,2.23;holy ghost,2.23;st john,2.23;wicked one,2.22;hath given,2.20;god hath,2.16;we may,2.05;bear witness,2.00;john chapter,1.99;1 john,1.99;these things,1.99;eternal life,1.98	we know that,3.74;this we know,3.00;born of god,3.00;know that we,2.82;love one another,2.65;son of god,2.64;i write unto,2.45;keep his commandments,2.45;write unto you,2.45;charity of god,2.44;the holy ghost,2.24;the wicked one,2.23;1 john chapter,2.00;hateth his brother,2.00;sin unto death,2.00;water and blood,2.00;he hath given,2.00;we have seen,2.00;we have known,2.00;we keep his,2.00	we know that we,2.83;we keep his commandments,2.00;a sin unto death,1.73;if we say that,1.73;we say that we,1.73;keep yourselves from idols,1.41;us 1 john chapter,1.41;unto you young men,1.41;these things i write,1.41;write unto you young,1.41;whole world is seated,1.41;these three are one,1.41;whatsoever we shall ask,1.41;overcome the wicked one,1.41;knoweth god heareth us,1.41;his son jesus christ,1.41;we may have confidence,1.41;that knoweth god heareth,1.41;born of god committeth,1.41;son jesus christ and,1.4
THE SECOND EPISTLE OF ST. JOHN THE APOSTLE	god speed,1.71;nor say,1.41;st john,1.41;lady elect,1.40;antichrist look,1.00;apostles then,1.00;electa might,1.00;eternal salvation,1.00;ever grace,1.00;exceeding glad,1.00;particular church,1.00;so eminent,1.00;teach false,1.00;then living,1.00;true faith,1.00;twelve apostles,1.00;wicked works,1.00;works having,1.00;bishop st,1.00;full reward,1.00	him god speed,1.73;god speed you,1.73;nor say to,1.41;the lady elect,1.41;an antichrist look,1.00;apostles then living,1.00;if any man,1.00;reward whosoever revolteth,1.00;twelve apostles then,1.00;was exceeding glad,1.00;wicked works having,1.00;works having more,1.00;also all they,1.00;any man come,1.00;are gone out,1.00;full reward whosoever,1.00;having more things,1.00;his wicked works,1.00;seducers are gone,1.00;son if any,1.00	twelve apostles then living,1.00;wicked works having more,1.00;full reward whosoever revolteth,1.00;his wicked works having,1.00;if any man come,1.00;seducers are gone out,1.00;son if any man,1.00;works having more things,1.00;are gone out into,1.00;bishop st john being,1.00;thy sister elect salute,1.00;sister elect salute thee,1.00;ancient bishop st john,1.00;lady elect some conjecture,1.00;antichrist look to yourselves,1.00;apostles then living to,1.00;dangers which may arise,1.00;conjecture that electa might,1.00;as teach false doctrine,1.00;teach false doctrine but,1.0
THE THIRD EPISTLE OF ST. JOHN THE APOSTLE	jesus christ,2.81;dearly beloved,2.63;lord jesus,1.98;st jude,1.72;write unto,1.72;contend earnestly,1.41;walking according,1.41;contended about,1.41;indeed reprove,1.41;last time,1.41;there should,1.41;time there,1.41;most holy,1.41;blaspheme majesty,1.41;building yourselves,1.41;first delivered,1.41;greater grace,1.41;own desires,1.41;being judged,1.41;like manner,1.41	lord jesus christ,2.00;our lord jesus,2.00;to write unto,1.73;last time there,1.41;some indeed reprove,1.41;time there should,1.41;indeed reprove being,1.41;no greater grace,1.41;your most holy,1.41;reprove being judged,1.41;most holy faith,1.41;upon your most,1.41;building yourselves upon,1.41;faith first delivered,1.41;diotrephes who loveth,1.41;contend earnestly for,1.41;yourselves upon your,1.41;who separate themselves,1.41;their own desires,1.41;through jesus christ,1.41	our lord jesus christ,2.00;last time there should,1.41;indeed reprove being judged,1.41;some indeed reprove being,1.41;yourselves upon your most,1.41;upon your most holy,1.41;your most holy faith,1.41;building yourselves upon your,1.41;the last time there,1.41;only god our saviour,1.41;dearly beloved be mindful,1.41;contended about the body,1.41;beware of heretics jude,1.41;through jesus christ our,1.41;faith first delivered to,1.41;the faith first delivered,1.41;first delivered to them,1.41;jesus christ our lord,1.41;autumn unfruitful twice dead,1.00;egypt did afterwards destroy,1.0
THE APOCALYPSE OF ST. JOHN THE APOSTLE	apocalypse chapter,4.57;these things,4.54;third part,3.87;living creatures,3.73;loud voice,3.59;twelve thousand,3.59;thousand signed,3.46;four living,3.45;they should,3.26;seven angels,3.12;came out,2.98;seven heads,2.97;great city,2.94;bottomless pit,2.83;ear let,2.82;do penance,2.82;ten horns,2.82;thousand years,2.82;o lord,2.82;fell down,2.82	upon the earth,3.99;third part of,3.87;the third part,3.74;ever and ever,3.74;a loud voice,3.61;twelve thousand signed,3.46;four living creatures,3.46;thousand signed of,3.32;the four living,3.31;that they should,3.00;an ear let,2.83;ear let him,2.83;let him hear,2.83;these things saith,2.83;the bottomless pit,2.83;before the throne,2.83;the seven angels,2.82;if any man,2.65;hath an ear,2.65;write these things,2.65	twelve thousand signed of,3.32;the four living creatures,3.32;ear let him hear,2.83;hath an ear let,2.65;poured out his vial,2.65;write these things saith,2.65;out his vial upon,2.65;angel sounded the trumpet,2.65;four and twenty ancients,2.45;angel poured out his,2.24;round about the throne,2.24;heads and ten horns,2.24;after these things i,2.24;seven heads and ten,2.24;am alpha and omega,2.00;voice from heaven saying,2.00;four living creatures and,2.00;and another angel came,2.00;these things saith the,2.00;saying come and see,2.0